t,x,y,z,dx,dy,dz
0.0,1.0,1.0,1.0,-1.0097718629245356,0.9900980882973975,9.515620968810378
0.02,0.9796178568463905,1.0196077002842727,1.181220932183738,-1.0371652803396145,0.9612260037496227,8.19351869648343
0.04,0.9585368415880408,1.0384593177705324,1.329329498227514,-1.0698633573997185,0.9244101154559488,6.689521848465851
0.06,0.9368429677667554,1.0565928515241994,1.4501137257210395,-1.0986241566338961,0.8893459118461848,5.448504725419596
0.08,0.9146083772062433,1.0740405596420441,1.5483528861262106,-1.1240775959569334,0.8557649833223806,4.42462708115653
0.1,0.8918937805943981,1.09082969041666,1.6279932489102034,-1.146741909311892,0.8234339505981296,3.580049038115078
0.12,0.8687504960245677,1.10698314988715,1.6922934894734356,-1.1670424872747347,0.7921511126249641,2.8835315822491907
0.14,0.8452221359697829,1.1225201009069665,1.743944341786309,-1.185328082445345,0.7617430536403305,2.3092641753521974
0.16,0.8213460061019074,1.1374564978184039,1.785167658846101,-1.201883749931035,0.7320615237648624,1.8359479033116344
0.18,0.7971542577842315,1.1518055573417696,1.8177980675823808,-1.216942375060782,0.7029803018420964,1.445984784628152
0.2,0.7726748359417502,1.1655781717353744,1.8433503712091768,-1.230693835095515,0.6743924955042075,1.1248434828226692
0.22,0.747932257949219,1.178783269107668,1.8630752455627273,-1.2432927725812775,0.6462079885088201,0.86052087317114
0.24,0.72294825174276,1.1914281260794577,1.8780052161659213,-1.254864916782772,0.6183512199883623,0.6431064626359557
0.26,0.6977422785746389,1.203518638114475,1.8889926714337093,-1.2655124088492329,0.5907591641535745,0.46441381187472075
0.28,0.6723319594731731,1.2150595521595797,1.8967412093360405,-1.2753181080850098,0.5633795880822987,0.3176824942770651
0.3,0.6467334234910569,1.2260546666809917,1.9018315592921051,-1.2843491604879382,0.5361695149974111,0.1973295338561769
0.32,0.6209615912489718,1.2365070028594134,1.9047429778800842,-1.2926599222823114,0.5090938846438036,0.09874432885034423
0.34,0.5950304056104829,1.246418950980074,1.9058709268964378,-1.3002943596442265,0.48212439543264907,0.01811915765982519
0.36,0.5689530188054963,1.255792395193227,1.9055416596581656,-1.307287987445683,0.4552385130238932,-0.04768910276689553
0.38,0.5427419449615513,1.2646288200148073,1.9040243243019925,-1.3136694952857724,0.42841859472229515,-0.1012764478116992
0.4,0.5164091823409585,1.272929400264847,1.901540869269619,-1.3194620559373682,0.40165115308241184,-0.14478697733450474
0.42,0.4899663128203367,1.280695077836783,1.8982742866106017,-1.3246843755564761,0.37492623695954563,-0.17999009482761608
0.44,0.46342458203842735,1.2879266267416138,1.894375418834621,-1.3293515729966003,0.3482368772083362,-0.2083467450431158
0.46,0.4367949635922459,1.2946247078090611,1.889968552792081,-1.3334758890009546,0.3215786269677068,-0.23106310175154476
0.48,0.41008821063000994,1.3007899152435505,1.8851560648999544,-1.3370672608756209,0.2949491734881917,-0.24913460910576646
0.5,0.3833148968922651,1.306422815663236,1.8800222383800276,-1.3401337942353102,0.2683479974573544,-0.2633831191207321
0.52,0.35648544945014093,1.3115239811111175,1.8746364281883288,-1.3426821398077315,0.24177609389570875,-0.2744867206151582
0.54,0.3296101744190473,1.3160940167812984,1.8690556657049455,-1.3447178081352895,0.21523572831701188,-0.28300514005319144
0.56,0.3026992771786098,1.3201335842986568,1.8633268119950959,-1.34624542015594,0.1887302313900392,-0.28940042529042387
0.58,0.2757628780858655,1.3236434212878267,1.8574883391746544,-1.347268903986775,0.16226383164195113,-0.29405339609346015
0.6,0.24881102451366782,1.3266243577260644,1.8515717994291983,-1.3477916657405853,0.13584150251323024,-0.2972783531655949
0.62,0.22185369990266857,1.3290773295643628,1.8456030350778025,-1.347816722235656,0.10946883981758049,-0.29933459008969976
0.64,0.19490083042418163,1.3310033900934164,1.8396031792946428,-1.3473468076558248,0.08315195799031017,-0.30043587833753804
0.66,0.16796228972599758,1.3324037194002276,1.8335894843774543,-1.3463844607417377,0.056897400415422794,-0.3007584566113479
0.68,0.1410479020442706,1.3332796321094105,1.8275759985321203,-1.3449320975684138,0.03071206241962443,-0.30044777205073103
0.7000000000000001,0.11416744416978557,1.3336325838578154,1.8215741348251808,-1.3429920623255756,0.0046031324178272826,-0.2996233954231826
0.72,0.0873306463066007,1.3334641765049178,1.815593132996909,-1.3405666778598402,-0.021421966771924872,-0.2983839569504454
0.74,0.06054719213886585,1.3327761623622396,1.809640441673185,-1.3376582807303339,-0.04735562268608362,-0.29681071354431765
0.76,0.033826718264208466,1.3315704475968193,1.8037220353864496,-1.334269250163641,-0.07319007111328801,-0.2949705215477394
0.78,0.007178813095136703,1.3298490949380237,1.7978426773115037,-1.3304020314184732,-0.09891742908786227,-0.29291834497585967
0.8,-0.019386984670047295,1.3276143257255506,1.7920061327670804,-1.3260591543960496,-0.12452972442943633,-0.2906994227650159
0.8200000000000001,-0.04586118789794569,1.3248685214571323,1.7862153467151713,-1.3212432482395644,-0.15001891822413427,-0.288350869193124
0.84,-0.07223436311313024,1.3216142249195408,1.7804725924346878,-1.3159570530500742,-0.1753769263898306,-0.2859031517789816
0.86,-0.0984971328590832,1.3178541408602247,1.7747795880443493,-1.3102034320077278,-0.20059564050571055,-0.2833815235357662
0.88,-0.12464017814122769,1.3135911364176662,1.7691375998021506,-1.303985369716159,-0.22566693197497045,-0.2808060872444571
0.9,-0.15065424101301386,1.308828241286149,1.763547527259291,-1.2973059882452231,-0.2505826809537126,-0.2781937881871954
0.92,-0.17653012730212214,1.303568647487588,1.7580099656312853,-1.2901685432627001,-0.2753347742048504,-0.27555811705914834
0.9400000000000001,-0.20225870937664298,1.2978157090110245,1.7525252610293411,-1.2825764329541958,-0.2999151284768118,-0.2729104875027559
0.96,-0.22783092894219084,1.291572941331038,1.7470935600719169,-1.2745331955106494,-0.3243156868868198,-0.27025987096779147
0.98,-0.2532377999197301,1.2848440206401825,1.7417148455123712,-1.2660425124018548,-0.3485284308433023,-0.2676134787262754
1.0,-0.27847041129763345,1.277632783015291,1.736388968869668,-1.2571082098588562,-0.37254539289991584,-0.264977344081629
1.02,-0.3035199300221294,1.269943223421277,1.7311156758993793,-1.2477342578073074,-0.3963586572839404,-0.2623562414447633
1.04,-0.32837760388672427,1.26177949457382,1.725894626850626,-1.2379247703081813,-0.4199603599950734,-0.25975373146032155
1.06,-0.3530347644049087,1.2531459057643832,1.7207254162448613,-1.2276840058306853,-0.4433427143809894,-0.25717311109831087
1.08,-0.3774828297005764,1.2440469214340568,1.715607582449787,-1.2170163661133309,-0.4664979900836457,-0.2546165710750472
1.1,-0.4017133073447432,1.2344871597998655,1.7105406225933915,-1.205926394678574,-0.48941853970458027,-0.2520860739109736
1.12,-0.425717797214885,1.2244713913991243,1.7055240029730456,-1.194418777176594,-0.5120967852655127,-0.24958289751911877
1.1400000000000001,-0.4494879942837263,1.214004537386693,1.7005571644705317,-1.1824983389581583,-0.534525235644054,-0.2471081234600092
1.16,-0.47301569144577854,1.2030916680145858,1.6956395322125286,-1.170170044023216,-0.5566964828041066,-0.24466249005169516
1.18,-0.4962927822315719,1.1917380007259366,1.6907705166041407,-1.157438998846544,-0.5786032097414662,-0.2422465153303932
1.2,-0.5193112635940168,1.179948898497838,1.685949521155468,-1.1443104221107099,-0.6002381796885032,-0.23986056129851363
1.22,-0.5420632385375772,1.1677298678742503,1.6811759439643614,-1.1307897197383312,-0.6215942821901876,-0.23750471569348974
1.24,-0.5645409192903033,1.1550865566334747,1.6764491812870836,-1.1168823945263746,-0.6426644919218063,-0.23517908059842796
1.26,-0.5867366289914921,1.142024752734132,1.6717686306595887,-1.1025940195802733,-0.6634418091847465,-0.2328834710779546
1.28,-0.6086428044622161,1.1285503821102794,1.6671336927166405,-1.0879304867080641,-0.6839195255003361,-0.23061780014469946
1.3,-0.6302520012266002,1.1146695040700578,1.662543769537956,-1.0728975371686786,-0.7040907976134534,-0.22838195816092366
1.32,-0.6515568883357152,1.1003883160077719,1.6579982664825086,-1.0575011641680092,-0.7239489941358599,-0.22617564530749235
1.34,-0.6725502629494584,1.0857131408553309,1.6534965986204921,-1.0417477396520312,-0.7434878097637636,-0.2239983972061168
1.36,-0.6932250417470621,1.0706504344219576,1.6490381861230543,-1.025643179087382,-0.7627005569245426,-0.2218500130551888
1.3800000000000001,-0.7135742687543087,1.0552067779898642,1.6446224564235714,-1.0091942204162763,-0.7815813034473535,-0.21973000211400517
1.4000000000000001,-0.733591119318021,1.0393888747061928,1.6402488457361681,-0.9924070666608245,-0.8001236168053723,-0.2176380367288573
1.42,-0.7532688942731,1.0232035547726348,1.635916796675943,-0.9752884733906342,-0.8183216288899473,-0.21557372797599328
1.44,-0.7726010346228387,1.0066577606365235,1.6316257603079396,-0.95784517425583,-0.836169444674745,-0.21353667915526842
1.46,-0.7915811104055637,0.9897585583953527,1.6273751951079407,-0.940083840436408,-0.8536611291384588,-0.21152649659575218
1.48,-0.810202835062704,0.9725131217422603,1.6231645684596634,-0.9220117386749607,-0.8707914092316997,-0.20954272497519355
1.5,-0.8284600589277612,0.9549287394020948,1.6189933559575143,-0.9036354458327338,-0.8875542298565833,-0.20758498216585508
1.52,-0.8463467680293111,0.9370128162848931,1.6148610411829807,-0.8849622743201877,-0.9039444192208492,-0.2056528315013253
1.54,-0.8638571036070551,0.9187728497687903,1.6107671170184013,-0.8659997685040324,-0.9199570887502162,-0.20374582133240438
1.56,-0.8809853462207141,0.9002164491914086,1.6067110846624837,-0.8467547664295907,-0.9355864857331895,-0.20186354551479724
1.58,-0.8977259208993501,0.8813513288377618,1.6026924533984959,-0.8272350474048267,-0.9508281218546912,-0.20000562653440568
1.6,-0.9140734119056422,0.8621852876830188,1.5987107398093703,-0.8074481336690695,-0.965677150986231,-0.19817166917252393
1.62,-0.9300225462851283,0.8427262322888948,1.594765468909588,-0.7874012866230728,-0.9801283735600563,-0.19636125902731294
1.6400000000000001,-0.9455682050136448,0.8229821601311973,1.5908561735272322,-0.7671026432928656,-0.9941779238193362,-0.19457402711975647
1.6600000000000001,-0.9607054305145261,0.8029611480113006,1.5869823939317846,-0.7465597813337013,-1.0078210662812523,-0.19280957772734553
1.68,-0.975429410930873,0.7826713768884755,1.583143678601558,-0.7257803290221787,-1.0210531639733915,-0.1910675183584516
1.7,-0.9897355046941083,0.7621210897266475,1.5793395828872525,-0.7047727944978845,-1.0338711049478349,-0.18934750501347253
1.72,-1.00361922065034,0.7413186263877153,1.5755696701255666,-0.6835446652708299,-1.046269985995572,-0.18764913653171789
1.74,-1.0170762285226478,0.7202724051414082,1.5718335110322956,-0.6621040869449857,-1.0582461114179011,-0.1859720571900283
1.76,-1.030102364421179,0.6989909103893184,1.5681306829680663,-0.6404594811501028,-1.0697963701070918,-0.184315943086375
1.78,-1.042693627821497,0.6774826991991064,1.56446077030869,-0.6186189022321145,-1.0809168879457332,-0.18268043040397686
1.8,-1.0548461823576447,0.6557564001363421,1.5608233644372613,-0.5965906651915702,-1.0916043402141469,-0.18106518530595395
1.82,-1.0665563569953453,0.633820707378258,1.557218063021528,-0.5743829961505966,-1.1018554870652295,-0.17946991061734252
1.84,-1.0778206478453776,0.6116843763859839,1.5536444697163918,-0.5520044441081566,-1.1116674876160602,-0.1778942980008651
1.86,-1.0886357234679338,0.5893562168319567,1.5501021942578541,-0.5294636222523792,-1.1210376862470355,-0.17633805028125948
1.8800000000000001,-1.0989984222637736,0.5668450937281238,1.5465908529527888,-0.5067687616512799,-1.1299630063987998,-0.17480076596382332
1.9000000000000001,-1.1089057466339187,0.5441599336261684,1.543110070447622,-0.4839283979149016,-1.1384408636977028,-0.1732821042381829
1.92,-1.1183548742424996,0.5213097078189453,1.539659477221824,-0.46095125035905227,-1.1464690034669474,-0.17178175477418733
1.94,-1.1273431558298446,0.4983034332492731,1.5362387101920607,-0.43784593122872906,-1.1540451988768048,-0.17029942420950306
1.96,-1.1358681137627435,0.47515016999436466,1.532847411517368,-0.4146210771633534,-1.1611673797563533,-0.1688348371751971
1.98,-1.1439274450903452,0.45185901764313746,1.5294852295642363,-0.391285460875757,-1.1678336538816545,-0.1673876786755102
2.0,-1.1515190222376035,0.42843911209661184,1.5261518186014482,-0.36784783381476416,-1.174042292805911,-0.16595770508799035
2.02,-1.1586408918185616,0.4048996218356896,1.522846835845364,-0.34431690575787854,-1.1797917548476136,-0.1645448053558738
2.04,-1.1652912762282297,0.38124974488162816,1.5195699422428395,-0.3207015291051363,-1.1850806322196057,-0.16314874002780755
2.06,-1.1714685750245206,0.35749870569628717,1.5163208029568693,-0.2970105909384131,-1.1899079312277046,-0.16176928313691974
2.08,-1.1771713644211175,0.3336557497450492,1.5130990900975367,-0.27325272445051496,-1.1942716770308444,-0.1604059943977063
2.1,-1.182398395823807,0.3097301488727725,1.509904484195223,-0.2494370375428332,-1.198172300851704,-0.15905853794514258
2.12,-1.1871486007408765,0.2857311809681169,1.506736670554549,-0.2255723131192724,-1.2016082735074853,-0.15772668561301373
2.14,-1.191421087591803,0.26166814325040993,1.503595340658019,-0.2016674332491064,-1.204579183529125,-0.15641005248619422
2.16,-1.1952151415590844,0.2375503408096006,1.5004801935957959,-0.17773125789661748,-1.2070846733284117,-0.1551084904449027
2.18,-1.1985302261117325,0.21338708468859627,1.4973909232425495,-0.15377271763499323,-1.209124510908028,-0.15382232026109932
2.2,-1.201365982905112,0.1891876887781451,1.494327227788421,-0.1298007061211237,-1.2106986563523936,-0.15255084088245496
2.22,-1.203722231475387,0.16496146628451264,1.4912888172123917,-0.10582351895326525,-1.2118072064458092,-0.1512938295902586
2.24,-1.2055989680542811,0.14071772623817785,1.4882754036897063,-0.08185244222512722,-1.2124505366700253,-0.1500510733449545
2.2600000000000002,-1.206996372021333,0.11646576998982251,1.4852867033368882,-0.05789290278890036,-1.2126289718498304,-0.1488224231692783
2.2800000000000002,-1.2079147950989573,0.09221488826145953,1.4823224380595137,-0.03395595865528378,-1.212343237174899,-0.1476075267946868
2.3000000000000003,-1.2083547655556583,0.06797435749831865,1.4793823339817012,-0.010049861119433956,-1.211594093071525,-0.1464062923616325
2.32,-1.2083169888846863,0.04375343674608085,1.4764661187888146,0.013816419365426214,-1.2103825133313852,-0.14521855532674977
2.34,-1.2078023559101965,0.019561362934778705,1.473573526848395,0.037633909572846846,-1.2087096550602756,-0.14404385367382133
2.36,-1.2068119168561688,-0.004592649114026048,1.470704299289077,0.06139434375248953,-1.2065767489899688,-0.1428821917798757
2.38,-1.205346907155268,-0.02869941328929937,1.4678581738995278,0.08508876135166332,-1.203985270775338,-0.141733568726778
2.4,-1.2034087368654784,-0.05274977445138627,1.4650348924709404,0.10870841341281334,-1.20093684820838,-0.14059772491908973
2.42,-1.200998989856552,-0.07673461168890343,1.4622342026230613,0.13224453453740637,-1.1974332885955534,-0.1394743759081365
2.44,-1.1981194205920982,-0.1006448409722244,1.4594558554651629,0.1556884406540533,-1.193476562033057,-0.13836341337938052
2.46,-1.194771959340123,-0.12447141969789273,1.4566996056934782,0.1790315325034939,-1.1890687911806648,-0.13726456238156004
2.48,-1.190958706991498,-0.148205349104976,1.4539652132886174,0.20226527642127934,-1.1842122563184647,-0.13617764324979476
2.5,-1.1866819361707952,-0.17183767800511685,1.4512524409956782,0.22538115228807953,-1.1789094064124406,-0.13510251224658987
2.52,-1.181944089255112,-0.1953595057902891,1.4485610545860703,0.24837072839023477,-1.1731628392067321,-0.13403901160424425
2.54,-1.1767477774432016,-0.21876198567472863,1.4458908231678116,0.2712256038588805,-1.1669753164034002,-0.13298696990996461
2.56,-1.1710957796803758,-0.2420363278938234,1.4432415193570003,0.2939373585896732,-1.1603497868909507,-0.13194621304421617
2.58,-1.164991041357686,-0.26517380283067077,1.4406129190286796,0.3164976898204799,-1.1532893412701952,-0.13091658430123232
2.6,-1.1584366731789089,-0.2881657441891422,1.4380048011746451,0.3388983737917499,-1.1457972206841411,-0.12989793085652934
2.62,-1.1514359483245993,-0.3110035514375054,1.4354169476135106,0.36113124118272566,-1.137876826139836,-0.12889011829695107
2.64,-1.1439923045949663,-0.3336786943207587,1.4328491432130748,0.3831881738272642,-1.129531720324838,-0.12789296307084896
2.66,-1.136109340960619,-0.3561827151874674,1.4303011765623455,0.40506115960995004,-1.1207656049882466,-0.12690631009562026
2.68,-1.1277908162833394,-0.378507232105231,1.427772838947499,0.4267422426165055,-1.1115823406672405,-0.12593002439618317
2.7,-1.119040647496713,-0.40064394172894063,1.4252639243378644,0.4482235992133283,-1.101985908623032,-0.12496398148346088
2.72,-1.1098629084632088,-0.4225846225099751,1.4227742291297256,0.46949736030375533,-1.0919805030136018,-0.1240080364339633
2.74,-1.1002618284106789,-0.4443211376999896,1.4203035532823323,0.4905558309497451,-1.0815704211756128,-0.12306201387842464
2.7600000000000002,-1.0902417896860754,-0.46584543799342026,1.4178516995668218,0.5113913755143997,-1.0707601196015233,-0.12212579255319156
2.7800000000000002,-1.0798073263197017,-0.48714956457236974,1.4154184732026498,0.5319964743549761,-1.0595541822054848,-0.12119925226926398
2.8000000000000003,-1.0689631214857058,-0.5082256514882075,1.4130036815965517,0.5523636451278122,-1.0479573693407147,-0.12028227994493079
2.82,-1.0577140078838767,-0.5290659299100916,1.410607135109013,0.5724855459363027,-1.0359745534798002,-0.11937470084758672
2.84,-1.0460649635070627,-0.5496627294859796,1.4082286472136085,0.592354927233302,-1.0236107479623975,-0.11847639375632468
2.86,-1.034021110368703,-0.5700084814824422,1.4058680335815466,0.6119646390086046,-1.0108711015688172,-0.11758724749506655
2.88,-1.0215877120289372,-0.5900957211292174,1.4035251119710588,0.6313076309614374,-0.9977608992407561,-0.11670716511233081
2.9,-1.0087701738279522,-0.609917092062654,1.4011997024944784,0.6503769184809798,-0.9842855890005531,-0.1158359878753572
2.92,-0.9955740380688811,-0.6294653469736653,1.3988916285517328,0.669165682576427,-0.9704507063566759,-0.1149735886655634
2.94,-0.9820049828768311,-0.6487333509392545,1.3966007155659526,0.6876671908041843,-0.9562619317090331,-0.11411986644478134
2.96,-0.9680688195307647,-0.667714083579188,1.394326790965694,0.7058748365480625,-0.9417250596893894,-0.11327472689144713
2.98,-0.9537714914042362,-0.6864006426393258,1.3920696842705522,0.7237820741202015,-0.9268460575703585,-0.11243803458559398
3.0,-0.9391190704204854,-0.7047862453972815,1.3898292279554487,0.7413825381689847,-0.9116309595950227,-0.11160966604997213
3.02,-0.9241177550836731,-0.7228642314106526,1.3876052564941865,0.758669955015165,-0.8960859437304833,-0.11078952357119931
3.04,-0.908773868378314,-0.740628065217671,1.3853976064970561,0.7756381632563532,-0.8802173162225841,-0.10997748656920692
3.06,-0.8930938544391069,-0.7580713377583488,1.38320611695242,0.792281172109,-0.8640314495033294,-0.10917346307937237
3.08,-0.8770842769033386,-0.7751877695104132,1.3810306283620297,0.8085930631897114,-0.8475348833380281,-0.10837736198537584
3.1,-0.8607518161280776,-0.7919712124895654,1.3788709834179902,0.8245680668876076,-0.8307342477009527,-0.1075890708290359
3.12,-0.8441032669414954,-0.8084156528579743,1.3767270271255685,0.8402005057578918,-0.8136363279785783,-0.10680845989460863
3.14,-0.8271455350140324,-0.8245152118426814,1.3745986070368776,0.8554849522282311,-0.7962478714587675,-0.10603544619165461
3.16,-0.8098856349418986,-0.8402641486872048,1.3724855715511808,0.8704159934286793,-0.7785758692476819,-0.10526997068150479
3.18,-0.7923306876076497,-0.8556568627791653,1.3703877710749905,0.8849883990938707,-0.7606273580060972,-0.1045119180312355
3.2,-0.7744879173151541,-0.8706878955118714,1.3683050582711394,0.8991970382624501,-0.7424095273828684,-0.1037611724486851
3.22,-0.7563646491411974,-0.8853519324137643,1.3662372882115257,0.9130370041159068,-0.7239295415903442,-0.10301763119510099
3.24,-0.7379683052644636,-0.8996438037763534,1.3641843171840125,0.9265034473730012,-0.7051947762655217,-0.10228124938451799
3.2600000000000002,-0.7193064031628987,-0.9135584879442561,1.3621460029721333,0.9395916965268825,-0.6862126496267038,-0.10155192451321682
3.2800000000000002,-0.7003865522712989,-0.9270911124455421,1.3601222054499347,0.952297219507237,-0.6669906762483748,-0.10082955440992691
3.3000000000000003,-0.6812164512256635,-0.9402369559628603,1.3581127866199671,0.9646156361754947,-0.6475364461391777,-0.10011403010102526
3.3200000000000003,-0.661803884054805,-0.9529914484154361,1.356117610267551,0.9765427288841693,-0.6278576051320712,-0.0994052979456086
3.34,-0.642156718802659,-0.9653501753809934,1.354136541129326,0.9880744052616564,-0.607961918559468,-0.0987032816955491
3.36,-0.6222829035794782,-0.9773088780850827,1.3521694458759606,0.9992067367645774,-0.5878572059776346,-0.09800788562661467
3.38,-0.6021904636338095,-0.9888634550956282,1.3502161930537235,1.009935948645115,-0.5675513551686109,-0.09731901201288906
3.4,-0.5818874982048475,-1.0000099635758062,1.3482766532130899,1.0202584426594292,-0.5470522682407548,-0.09663657794588687
3.42,-0.5613821772276707,-1.0107446201992893,1.3463506979344189,1.030170707901636,-0.5263680659883505,-0.09596053737242016
3.44,-0.5406827385626691,-1.0210638031596433,1.344438200221407,1.0396694370958066,-0.5055068370411604,-0.09529080081028951
3.46,-0.5197974845499952,-1.0309640526926762,1.3425390348459532,1.048751477425128,-0.4844767376043748,-0.09462728198771231
3.48,-0.4987347788451342,-1.040442072088201,1.3406530783502506,1.0574138334407728,-0.46328598543177435,-0.09396988920090621
3.5,-0.47750304361958495,-1.0494947298364912,1.3387802089011156,1.0656536834910426,-0.4419428134402281,-0.09331856828590901
3.52,-0.4561107564618969,-1.0581190612297717,1.3369203055549321,1.0734683524346273,-0.4204555399530534,-0.09267325597211595
3.54,-0.4345664467237728,-1.066312268236457,1.3350732489867392,1.0808553519280473,-0.39883244044737864,-0.09203387114041561
3.56,-0.41287869229922475,-1.0740717204735923,1.3332389214565912,1.0878122989632466,-0.3770820288894967,-0.09140033263973635
3.58,-0.39105611645568206,-1.0813949564190926,1.3314172068822174,1.0943370113155702,-0.3552127503221314,-0.09077256231869058
3.6,-0.3691073842100347,-1.088279682836658,1.329607990363051,1.1004274672600651,-0.3332331061104199,-0.09015051428434617
3.62,-0.3470411990556693,-1.0947237749181853,1.3278111580907817,1.106081815128146,-0.3111516132049772,-0.08953411719548399
3.64,-0.3248663005003242,-1.1007252808056591,1.3260265977851622,1.111298368908928,-0.2889768178446559,-0.08892329800843868
3.66,-0.3025914602718163,-1.1062824207299844,1.3242541986202045,1.1160756079596457,-0.26671729508869646,-0.08831798330673735
3.68,-0.2802254787834683,-1.1113935865859403,1.3224938512205977,1.120412194609413,-0.2443815112968295,-0.08771811045404831
3.7,-0.2577771818190846,-1.1160573424756137,1.3207454472313256,1.124306911790585,-0.22197825174716002,-0.08712362736407897
3.72,-0.2352554172196475,-1.120272425217867,1.3190088795410984,1.1277587391896144,-0.1995161834373178,-0.08653446537057619
3.74,-0.212669051455489,-1.124037743710831,1.317284042375006,1.1307668279746679,-0.1770039631768512,-0.08595055875052537
3.7600000000000002,-0.19002696637605931,-1.127352379045659,1.3155708312628727,1.1333304964788606,-0.15445026330773004,-0.08537184203544257
3.7800000000000002,-0.1673380561017412,-1.1302155884915976,1.3138691430066733,1.13544923169934,-0.13186375033487252,-0.08479825976743882
3.8000000000000003,-0.1446112233393698,-1.1326268033333278,1.3121788754453239,1.1371226875373406,-0.1092530271638168,-0.08422975645933661
3.8200000000000003,-0.12185537598722701,-1.1345856285219518,1.3104999276371794,1.1383506779165877,-0.08662680117053156,-0.08366627055016806
3.84,-0.09907942378365148,-1.1360918426879656,1.3088321998446537,1.1391331906514397,-0.06399387940808055,-0.08310774205853022
3.86,-0.07629227496145798,-1.137145397960482,1.307175593475042,1.1394703879374237,-0.04136294218609038,-0.0825541150269089
3.88,-0.05350283303911955,-1.1377464177742325,1.305530011049997,1.1393625993288583,-0.018742661384798964,-0.08200533225092954
3.9,-0.03071999335483637,-1.1378952012288392,1.3038953562417481,1.1388103215632972,0.003858301728818958,-0.08146133827079893
3.92,-0.007952639565758587,-1.1375922218379024,1.3022715338232909,1.1378142157697335,0.02643132332337217,-0.08092207894723913
3.94,0.014790359664956305,-1.136838125867608,1.300658449636441,1.1363750964024735,0.048967878225980144,-0.08038750425562569
3.96,0.03750015398666989,-1.1356337318984486,1.2990560104632973,1.1344939753044387,0.07145917549431857,-0.07985756322663917
3.98,0.06016791471909705,-1.13398003074885,1.2974641242906015,1.1321720210408657,0.09389661919721703,-0.07933219141177972
4.0,0.08278483798482313,-1.131878183760842,1.2958827002285447,1.1294105669478687,0.11627164758391473,-0.07881134029840098
4.0200000000000005,0.10534214787857454,-1.129329522156583,1.2943116483296193,1.126211111053026,0.13857572989792288,-0.07829496199120456
4.04,0.12783110047141688,-1.1263355501639263,1.292750879580319,1.1225753112181946,0.16080038831376697,-0.07778301538590426
4.0600000000000005,0.15024298686278417,-1.1228979421195255,1.2912003057999362,1.118504988774717,0.18293717037536084,-0.07727544592604829
4.08,0.17256913631760612,-1.1190185410423772,1.2896598401553752,1.1140021186373694,0.2049776939719905,-0.07677219185029571
4.1,0.1948009195395124,-1.114699357948021,1.2881293967593932,1.1090688797378565,0.22691345959803044,-0.07627321106589591
4.12,0.2169297519196939,-1.109942571043421,1.2866088905779123,1.1037075874775795,0.24873613599034172,-0.07577846169199631
4.14,0.23894709628269686,-1.104750523301369,1.2850982373051398,1.0979207196511993,0.2704374340731306,-0.07528791006616586
4.16,0.2608444667031676,-1.0991257237943675,1.2835973535540919,1.0917109157787355,0.29200910865020546,-0.0748014888557833
4.18,0.28261343195169086,-1.0930708470366208,1.2821061573318326,1.0850809682765803,0.31344298914311963,-0.07431914863602174
4.2,0.30424561834220887,-1.0865887306873787,1.2806245673740442,1.0780338233734597,0.3347309683199242,-0.07384085236886762
4.22,0.3257327127949296,-1.0796823741462485,1.2791525031721904,1.070572553091102,0.3558650675468158,-0.0733665675823687
4.24,0.3470664659051798,-1.0723549372118977,1.2776898847581408,1.062700481473069,0.37683713092982885,-0.07289625616820672
4.26,0.3682386953509823,-1.064609739572365,1.2762366334725914,1.0544210175724764,0.3976392586183337,-0.07242984332089719
4.28,0.38924128859211954,-1.0564502584787112,1.2747926717076596,1.0457377352254262,0.41826358766821414,-0.07196729602517138
4.3,0.41006620569840246,-1.0478801270093228,1.2733579224887015,1.036654356238916,0.43870233485171184,-0.07150858087527467
4.32,0.43070548237742007,-1.0389031327854785,1.271932309408972,1.0271747462511946,0.45894780343705577,-0.0710536766482619
4.34,0.4511512344748249,-1.0295232192833659,1.2705157567100465,1.0173029477611912,0.478992319046462,-0.07060251830329634
4.36,0.47139565935753525,-1.0197444809790304,1.2691081901999959,1.007043118464992,0.49882835348109467,-0.070155052483031
4.38,0.4914310392534736,-1.0095711625754729,1.2677095362742359,0.9963995652377236,0.5184484503445859,-0.06971125209025786
4.4,0.5112497440396374,-0.9990076571240232,1.266319721906898,0.9853767110958813,0.5378452804761338,-0.06927109430985467
4.42,0.5308442340589077,-0.9880585042104927,1.2649386743922777,0.9739792289956561,0.5570114327579532,-0.06883454706807868
4.44,0.5502070634962746,-0.9767283890165399,1.2635663224143456,0.9622118302496325,0.5759397591380875,-0.06840153083140166
4.46,0.5693308824470114,-0.9650221392572499,1.2622025956242213,0.950079394618836,0.5946231553385672,-0.06797202186749729
4.48,0.5882084399622213,-0.9529447237567122,1.2608474241420544,0.9375869260971115,0.613054631665122,-0.06754599610360401
4.5,0.6068325860211117,-0.9405012494943141,1.259500738388261,0.9247395853528104,0.6312272688413998,-0.06712344010050941
4.5200000000000005,0.6251962761861564,-0.9276969622280131,1.2581624696379607,0.9115426602977976,0.6491342590548328,-0.06670427487321007
4.54,0.6432925722006422,-0.9145372416211002,1.2568325506045268,0.8980015521109372,0.6667689232094816,-0.06628846510752595
4.5600000000000005,0.6611146454969477,-0.9010276003641535,1.2555109143646708,0.8841217964005352,0.6841246805109265,-0.06587599044727455
4.58,0.67865577900832,-0.8871736811269515,1.254197494325951,0.8699090433746122,0.701195073380859,-0.06546684356306542
4.6000000000000005,0.695909371380705,-0.8729812562463237,1.2528922243475382,0.8553691256463836,0.7179736922828255,-0.06506095759748831
4.62,0.7128689376362429,-0.8584562233594759,1.2515950399448301,0.8405079277397718,0.7344543237993122,-0.06465828436845555
4.64,0.7295281122115566,-0.8436046038208279,1.250305876991336,0.8253314808117409,0.7506308400258774,-0.06425880729761246
4.66,0.7458806512025105,-0.8284325402024418,1.2490246717936904,0.8098459256450923,0.7664972408446644,-0.06386250174752206
4.68,0.7619204350026259,-0.8129462941747064,1.2477513612625208,0.7940575368005369,0.7820476304322881,-0.06346932853850973
4.7,0.7776414702596136,-0.7971522437221467,1.2464858831710144,0.7779726795115138,0.7972762588990818,-0.06307925122449376
4.72,0.793037892168466,-0.781056880703986,1.245228175871949,0.7615978387204407,0.812177493559453,-0.06269224170769405
4.74,0.8081039670834401,-0.7646668086508803,1.2439781784251123,0.7449396361460856,0.8267458076159855,-0.06230824874528196
4.76,0.822834093428896,-0.7479887391674913,1.2427358309156573,0.7280046965659182,0.8409758883028644,-0.06192725673585642
4.78,0.837222804776929,-0.7310294901535221,1.241501073168195,0.7107998539719205,0.8548624658975328,-0.06154926072813538
4.8,0.8512647717382589,-0.7137959830015346,1.2402738457253246,0.6933320006479349,0.8684004412164867,-0.06117421594866812
4.82,0.8649548040633168,-0.6962952399473645,1.2390540900236078,0.6756081771028164,0.881584816888882,-0.06080206945986788
4.84,0.878287852138431,-0.6785343810182984,1.2378417486509539,0.6576353496743863,0.8944108494651246,-0.06043279104883936
4.86,0.8912590084818929,-0.6605206210096707,1.236636763908958,0.6394207724498031,0.9068737978941073,-0.06006639798600588
4.88,0.9038635104678842,-0.6422612673064678,1.235439078530211,0.6209717067319147,0.9189691229138113,-0.05970284472186904
4.9,0.9160967416132472,-0.6237637166846852,1.2342486361342022,0.6022955231967231,0.930692415277182,-0.059342086945406436
4.92,0.9279542341328967,-0.6050354529026272,1.2330653813682837,0.583399620867155,0.9420394427439973,-0.05898407752308543
4.94,0.9394316679093809,-0.5860840422530027,1.2318892591815296,0.564291522921188,0.9530060940982565,-0.058628831274049276
4.96,0.9505248740421217,-0.5669171318511573,1.2307202144699663,0.5449788270429181,0.9635884087673681,-0.058276318561816254
4.98,0.961229836928939,-0.5475424468689913,1.2295581929703043,0.5254691971106027,0.9737825812950902,-0.05792650007904854
5.0,0.9715426955327063,-0.5279677873390978,1.2284031412315797,0.5057704038789481,0.983584941747381,-0.057579328699901566
5.0200000000000005,0.9814597434106483,-0.5082010244663823,1.227255006645636,0.48589017101618026,0.9929920262190208,-0.05723479212252869
5.04,0.9909774312046666,-0.488250098106215,1.2261137363542054,0.46583634616013114,1.0020004909248144,-0.05689288940245518
5.0600000000000005,1.000092367613742,-0.4681230135194352,1.2249792780871318,0.44561691837578365,1.010607116877324,-0.056553581562099
5.08,1.0088013204908135,-0.44782783819945327,1.2238515802953194,0.4252399090667893,1.0188088580594226,-0.05621683168500624
5.1000000000000005,1.0171012187614268,-0.4273726989992071,1.2227305922752767,0.4047133350386787,1.0266028491516543,-0.05588259993385947
5.12,1.0249891502936976,-0.4067657778577672,1.2216162636462282,0.3840453014855214,1.033986370305822,-0.05555089424483839
5.14,1.032462365998224,-0.38601530982593957,1.2205085440177783,0.3632439587059153,1.0409568629195007,-0.05522168952496287
5.16,1.0395182817692536,-0.3651295800325764,1.2194073837230073,0.3423174948532619,1.047511931845019,-0.05489495234734676
5.18,1.0461544779277987,-0.3441169199264902,1.2183127337520123,0.32127413966401974,1.053649343030493,-0.054570646411377766
5.2,1.0523686997808424,-0.3229857039711111,1.2172245458417081,0.3001220508202067,1.059367048448319,-0.054248748567111704
5.22,1.058158858264327,-0.30174434636606906,1.21614277173315,0.27886969728492517,1.0646630957939305,-0.05392926063662884
5.24,1.0635230310407102,-0.2804012979015758,1.2150673635367923,0.2575254242711509,1.0695357419151659,-0.05361215060944602
5.26,1.0684594617506427,-0.2589650424287139,1.2139982739789108,0.23609760657072343,1.0739834076118697,-0.053297389243510906
5.28,1.0729665617403539,-0.23744409388784543,1.212935456400187,0.21459465696855773,1.0780046763407345,-0.05298494354253336
5.3,1.0770429122746388,-0.21584699322243656,1.2118788647012575,0.1930249694586763,1.081598303335566,-0.05267480289127491
5.32,1.0806872638668332,-0.19418230477836212,1.2108284528050377,0.17139690074912295,1.0847632105360052,-0.05236695541005787
5.34,1.083898536059388,-0.1724586128887639,1.2097841751520946,0.1497189763105169,1.087498464205197,-0.0520613726043635
5.36,1.0866758177302474,-0.15068451856738266,1.2087459867128008,0.12799976972107885,1.0898033019832418,-0.05175802784547301
5.38,1.089018367403931,-0.12886863620345615,1.2077138430034626,0.10624776016177151,1.0916771415124744,-0.051456894588255864
5.4,1.0909256103997371,-0.10701959015643908,1.2066876999176217,0.0844714405478797,1.0931195658532955,-0.051157963421061936
5.42,1.0923971453375245,-0.08514601181439371,1.2056675135576231,0.06267931026900442,1.0941303236537432,-0.05086121468766436
5.44,1.0934327416621277,-0.06325653592637479,1.2046532405252597,0.04087980849875095,1.0947093285698486,-0.05056662461574035
5.46,1.0940323387579531,-0.04135979722364081,1.2036448378817783,0.01908138826807715,1.0948566538593776,-0.05027417053409522
5.48,1.0941960459270377,-0.01946442710370942,1.2026422631365243,-0.002707303296574537,1.0945725468618002,-0.0499838312352594
5.5,1.0939241419916705,0.0024209496728736955,1.2016454741365286,-0.024477771782464686,1.0938574257162912,-0.04969559205893148
5.5200000000000005,1.0932170729335111,0.024287718068726573,1.200654429067177,-0.0462215486597799,1.0927118737634212,-0.049409432570250544
5.54,1.0920754561375141,0.04612727631007382,1.1996690865380575,-0.06793018070149515,1.0911366391800432,-0.0491253324011538
5.5600000000000005,1.0905000795949247,0.06793103937180806,1.1986894055480868,-0.08959527483995089,1.089132628867476,-0.04884327525780918
5.58,1.0884918998334911,0.08969044219696759,1.1977153453880172,-0.1112084880204236,1.0867009040500455,-0.04856324268946821
5.6000000000000005,1.0860520414368304,0.11139694297060823,1.1967468658510851,-0.13276127036652952,1.0838427242390374,-0.04828520902910327
5.62,1.0831817964565897,0.13304202638209536,1.195783927118589,-0.15424523753371489,1.0805595022077963,-0.048009158430645016
5.64,1.0798826223024234,0.15461720655562083,1.1948264896900818,-0.17565206094289465,1.0768528103264243,-0.047735074765299146
5.66,1.076156142678677,0.176114030477432,1.193874514339422,-0.19697345682978806,1.072724380349511,-0.04746294846509613
5.68,1.072004150059944,0.19752408205142463,1.1929279620911293,-0.2182011450318555,1.0681761121371185,-0.04719275371467546
5.7,1.0674286013376202,0.21883898469491184,1.1919867946539318,-0.2393270203821487,1.0632100307606436,-0.04692446485067592
5.72,1.0624316173523407,0.2400504046115269,1.1910509740245356,-0.26034280764082496,1.0578283725910236,-0.04665806980307252
5.74,1.0570154819994853,0.2611500539797473,1.1901204624630508,-0.28124032013508327,1.0520335313079787,-0.04639355660965805
5.76,1.0511826404291549,0.28212969384476216,1.1891952223639597,-0.30201146975932147,1.0458280484281381,-0.04613091990398033
5.78,1.0449356983270885,0.30298113726373627,1.1882752165023664,-0.32264823014963184,1.0392146195478418,-0.04587012153928072
5.8,1.0382774229951086,0.32369625321283974,1.187360408391958,-0.3431426373914661,1.032196094291299,-0.04561114340875605
5.82,1.031210741266226,0.34426696951122904,1.1864507617083275,-0.36348678854847094,1.0247754753320422,-0.04535397596782076
5.84,1.023738737471003,0.3646852756410415,1.1855462403279025,-0.3836729401411674,1.0169558751072323,-0.04509861420199002
5.86,1.0158646521132892,0.38494322577938705,1.1846468081247168,-0.4036931382635416,1.0087406723928005,-0.04484504733118655
5.88,1.0075918812562081,0.40503294213093843,1.1837524297282407,-0.42353968408033893,1.0001333279124083,-0.04459322877376337
5.9,0.9989239742549121,0.42494661759131613,1.1828630702661436,-0.44320492935518985,0.9911374601901777,-0.04434315212727569
5.92,0.989864631563436,0.4446765182876824,1.1819786949785158,-0.46268130585992395,0.9817568333809916,-0.04409480980714875
5.94,0.9804177046062259,0.4642149871430976,1.1810992691700535,-0.4819613394749922,0.9719953489911433,-0.043848206147337976
5.96,0.9705871960659004,0.4835544479094753,1.1802247582327987,-0.5010375664166844,0.961857090574,-0.04360330461221196
5.98,0.960377255334083,0.5026874065918118,1.1793551286234727,-0.5199026837869454,0.9513462455435544,-0.04336007425263233
6.0,0.9497921776284208,0.5216064547056438,1.1784903469152852,-0.538549482276899,0.9404671333994443,-0.04311851293505242
6.0200000000000005,0.9388364021769423,0.5403042720557358,1.1776303797761623,-0.5569707799916159,0.9292242494470209,-0.04287862035279488
6.04,0.9275145100543203,0.5587736292781167,1.1767751937083712,-0.5751594300861314,0.9176222701158849,-0.042640394560109485
6.0600000000000005,0.9158312238603133,0.5770073915893303,1.175924756001412,-0.5931084970764928,0.9056659348903437,-0.04240377740688217
6.08,0.9037914041473059,0.5949985204632536,1.175079034581239,-0.6108111018151376,0.893360142886646,-0.0421687657343881
6.1000000000000005,0.891400047938236,0.6127400765750596,1.1742379973621857,-0.628260471709396,0.8807099205866109,-0.041935357750787716
6.12,0.8786622858717035,0.6302252217468384,1.17340161216675,-0.6454499348740015,0.8677204259985807,-0.04170356518904583
6.140000000000001,0.8655833834280575,0.6474472241357514,1.1725698469624677,-0.6623728803740008,0.8543969807163521,-0.04147333840792555
6.16,0.8521687354359312,0.6643994582510294,1.171742670903373,-0.6790228650801211,0.8407449871668291,-0.041244653819795474
6.18,0.8384238650533443,0.6810754083188016,1.1709200530883679,-0.6953935289279229,0.8267699920899929,-0.04101751362843942
6.2,0.8243544211095207,0.697468670352718,1.1701019625711828,-0.7114786635790082,0.8124776274722691,-0.0407919305835307
6.22,0.8099661769229776,0.7135729555797828,1.1692883682190267,-0.7272720540735449,0.7978737579394419,-0.04056787493339442
6.24,0.795265027159427,0.7293820920937345,1.1684792401646111,-0.7427677291638091,0.7829642518752848,-0.0403453029624643
6.26,0.780256985456687,0.7448900271625574,1.1676745486528555,-0.7579597875051789,0.7677551366772875,-0.04012422052413456
6.28,0.7649481821655528,0.7600908296374325,1.166874263907403,-0.772842462598561,0.7522525389399064,-0.03990462502669345
6.3,0.7493448620073748,0.7749786923135523,1.1660783562837251,-0.787410079575487,0.7364627309856147,-0.03968650132496521
6.32,0.7334533815982229,0.7895479341509802,1.1652867966103055,-0.8016571227551452,0.7203920579729655,-0.03946982774932195
6.34,0.7172802067717243,0.8037930022653441,1.1644995559611997,-0.8155781896154224,0.7040469864054728,-0.039254596619286986
6.36,0.7008319102206839,0.8177084742837725,1.163716605622941,-0.8291679824075615,0.6874341197623934,-0.039040786365312385
6.38,0.6841151687674537,0.8312890602600536,1.1629379175380372,-0.8424214202769633,0.6705600528829194,-0.03882837866162703
6.4,0.6671367602692745,0.8445296040827867,1.1621634633077427,-0.8553334614638004,0.6534315974220064,-0.03861739767121719
6.42,0.6499035616823927,0.8574250863703411,1.1613932146150965,-0.8678992371317449,0.6360556154567476,-0.03840781962368567
6.44,0.6324225460267584,0.869970625999934,1.1606271436258289,-0.8801139945839438,0.6184390945680605,-0.03819961702985353
6.46,0.6147007801129922,0.8821614827156599,1.159865223290575,-0.8919731777494739,0.6005890249288157,-0.037992757342955485
6.48,0.5967454201107066,0.8939930564112983,1.1591074263594165,-0.9034723144674857,0.5825125687445691,-0.03778728122599517
6.5,0.5785637104567258,0.9054608914294573,1.1583537252294036,-0.9146070898945347,0.564216952404351,-0.03758317009508261
6.5200000000000005,0.5601629800941338,0.9165606768457838,1.1576040928631286,-0.9253733340305352,0.5457094847288033,-0.03738039782899705
6.54,0.541550640496132,0.9272882497150916,1.1568585028179184,-0.9357670164555039,0.5269975659318149,-0.03717892905859799
6.5600000000000005,0.5227341813264044,0.9376395940740536,1.1561169290757096,-0.9457842903212281,0.5080886046756419,-0.036978780968993874
6.58,0.503721168822895,0.9476108448946055,1.1553793449543672,-0.9554214133806198,0.4889901617804,-0.03677995882345897
6.6000000000000005,0.4845192422078044,0.9571982884695195,1.1546457242094799,-0.9646748221591217,0.46970981234995435,-0.03658243790375337
6.62,0.46513611074166106,0.9663983639375061,1.1539160410488734,-0.9735410805964158,0.4502552479689754,-0.03638619167198698
6.640000000000001,0.4455795507548682,0.9752076647853288,1.1531902703136403,-0.9820169284863489,0.43063417255809355,-0.0361912010522758
6.66,0.42585740208340556,0.9836229389409196,1.1524683865454493,-0.990099225209498,0.4108544349587362,-0.03599749478782144
6.68,0.4059775655637807,0.991641091244356,1.1517503642115647,-0.9977850108188164,0.39092388626094277,-0.03580505257178146
6.7,0.38594799927663886,0.9992591828129769,1.151036178228882,-1.005071479433898,0.3708504374764843,-0.03561385414824514
6.72,0.36577671650837346,1.0064744351169028,1.150325803977087,-1.0119559752849483,0.35064207391619107,-0.035423871289850695
6.74,0.3454717818070249,1.0132842289189554,1.1496192172538595,-1.0184360263378487,0.3303067512171509,-0.03523511138021718
6.76,0.32504130816033083,1.0196861063568723,1.148916393359818,-1.0245093112434152,0.3098524732352814,-0.03504758212405079
6.78,0.30449345355177476,1.0256777710877236,1.1482173079146165,-1.0301736409468596,0.28928737977023644,-0.03486126240461829
6.8,0.2838364177569012,1.0312570890832624,1.1475219369075138,-1.0354269836077563,0.26861968961188154,-0.034676132819214445
6.82,0.26307843928191843,1.0364220900804526,1.1468302567937625,-1.040267496941924,0.24785755564946044,-0.03449217139915106
6.84,0.24222779130891328,1.041170964235296,1.1461422441062319,-1.0446934942985173,0.22700918958822314,-0.034309394930232884
6.86,0.22129277976723474,1.0455020683514118,1.1454578751275475,-1.048703451504661,0.2060828309295033,-0.03412779453891801
6.88,0.20028173969786467,1.0494139256465722,1.144777126524094,-1.0522960106230315,0.1850867237569389,-0.033947353180941775
6.9,0.17920303167450807,1.052905224862099,1.1440999752813397,-1.0554699822728502,0.16402906584813337,-0.03376805318264786
6.92,0.15806503854954973,1.055974820782267,1.1434263987785351,-1.0582243148338346,0.14291825303353534,-0.033589881537345434
6.94,0.1368761621043684,1.0586217340098412,1.1427563743011087,-1.06055813207138,0.1217626797430782,-0.033412849913219134
6.96,0.11564481979993149,1.0608451506800534,1.1420898791628198,-1.0624707335130408,0.10057067745788117,-0.03323694400346966
6.98,0.09437944162381741,1.0626444229070717,1.1414268909847571,-1.0639615822367778,0.07935058914020487,-0.03306215007447122
7.0,0.073088466977052,1.0640190731705876,1.1407673876705418,-1.0650303049142495,0.05811077625287453,-0.03288845323947953
7.0200000000000005,0.05178034101743323,1.064968790962035,1.1401113474021038,-1.06567669242918,0.036859429563413926,-0.0327158474085536
7.04,0.030463511376744776,1.0654934329414112,1.139458748300622,-1.0659006897579377,0.01560505768824072,-0.03254433395505174
7.0600000000000005,0.009146424882161996,1.0655930228930304,1.1388095686502924,-1.06570241995783,-0.005643909676699366,-0.0323738998361236
7.08,-0.012162475657674629,1.065267750389047,1.1381637869731949,-1.065082172827494,-0.02687912596733355,-0.03220453390484579
7.1000000000000005,-0.03345475459304387,1.0645179708011283,1.1375213820092338,-1.0640404018697283,-0.0480922508537418,-0.03203622560674546
7.12,-0.05472198704976442,1.0633442097121464,1.1368823326856783,-1.062577722501592,-0.06927497392124593,-0.031868969253956436
7.140000000000001,-0.07595576220302318,1.0617471593654864,1.1362466180026718,-1.0606948962377163,-0.09041911828538929,-0.03170275900099995
7.16,-0.09714768652181675,1.0597276780075888,1.1356142171419175,-1.0583928743349142,-0.11151623937230681,-0.0315375850242674
7.18,-0.1182893870149495,1.0572867894815519,1.134985109468956,-1.0556727742045622,-0.13255799675333435,-0.0313734390601752
7.2,-0.13937251419059737,1.0544256811752988,1.1343592744517963,-1.0525358694559959,-0.15353614618438627,-0.03121031818398734
7.22,-0.16038874536956146,1.0511457049121595,1.1337366916999476,-1.0489835951365958,-0.17444246852220147,-0.031048207307982523
7.24,-0.18132978864784896,1.0474483797760499,1.133117341152184,-1.0450175443299798,-0.19526878974419049,-0.030887096833325245
7.26,-0.20218738572044037,1.0433353883433185,1.1325012028461814,-1.0406394402300432,-0.21600708377309275,-0.03072698171222754
7.28,-0.2229533150488639,1.0388085758129904,1.1318882569307847,-1.0358512207039787,-0.23664910307764586,-0.03056785835209297
7.3,-0.24361939494301935,1.0338699488788055,1.1312784835359573,-1.0306549845531183,-0.25718668795891375,-0.030409726384668545
7.32,-0.26417748673293706,1.0285216751021136,1.1306718630664228,-1.0250529661705023,-0.27761182359788705,-0.030252560609923762
7.34,-0.28461949745553566,1.022766080642777,1.1300683763057824,-1.0190475598088256,-0.2979165287689014,-0.0300963552801079
7.36,-0.30493738444519747,1.0166056540389392,1.1294680040660765,-1.0126413163220853,-0.31809286955657967,-0.02994110756979751
7.38,-0.32512315767873806,1.0100430420560702,1.1288707272067817,-1.0058368983245032,-0.3381330796727795,-0.029786819766989936
7.4,-0.34516888282693026,1.0030810484557304,1.1282765264689594,-0.9986371978121404,-0.3580292240362084,-0.029633487096468514
7.42,-0.3650666844442133,0.9957226332031284,1.1276853831335947,-0.9910452510379102,-0.3777734811963427,-0.029481077622691032
7.44,-0.38480874882837207,0.987970910705517,1.1270972787429903,-0.9830642286177387,-0.39735814500931355,-0.02932959239795707
7.46,-0.40438732636964225,0.9798291471673864,1.126512194823691,-0.9746974496218179,-0.41677557962459844,-0.029179030593866173
7.48,-0.42379473562550396,0.9713007619318462,1.1259301128451342,-0.9659483714169141,-0.4360182394224239,-0.029029402125026138
7.5,-0.4430233670188262,0.9623893272371797,1.1253510141899548,-0.9568206341832344,-0.45507857388621886,-0.02888068400504551
7.5200000000000005,-0.4620656845507464,0.9530985639438218,1.124774881054725,-0.9473179605342281,-0.47394923816021617,-0.028732852203269488
7.54,-0.4809142289947665,0.9434323406686801,1.1242016956482512,-0.9374442733723107,-0.49262284657142885,-0.028585911236596928
7.5600000000000005,-0.4995616207887538,0.9333946722353655,1.1236314401443621,-0.9272036478990486,-0.5110920874098781,-0.028439865215524662
7.58,-0.5180005624179845,0.922989717265993,1.1230640964653238,-0.916600301056981,-0.52934974143961,-0.028294724756925405
7.6000000000000005,-0.536223842440391,0.9122217786015973,1.122499646898934,-0.9056385641518467,-0.5473887200930321,-0.02815044410374412
7.62,-0.554224336674581,0.9010952988486967,1.1219380744070804,-0.8943229116768272,-0.5652020143718914,-0.02800701995621324
7.640000000000001,-0.5719950125958316,0.8896148612685122,1.1213793617959167,-0.8826579588429624,-0.582782699182701,-0.02786445687902983
7.66,-0.5895289311730584,0.8777851864502257,1.1208234917469588,-0.8706484247258857,-0.6001239860206198,-0.027722770683467957
7.68,-0.6068192501965569,0.8656111313014939,1.120270446666149,-0.8582992502983267,-0.6172190571615559,-0.027581942038523266
7.7,-0.6238592263275479,0.8530976862316783,1.1197202099793582,-0.8456154032622827,-0.6340613424591695,-0.02744193390827121
7.72,-0.6406422177419323,0.8402499732129803,1.1191727651569285,-0.8326020491079262,-0.6506442772950862,-0.027302756587452848
7.74,-0.657161686774985,0.8270732438536865,1.1186280955301435,-0.8192644455215259,-0.6669614474915875,-0.0271644200613963
7.76,-0.6734112019562766,0.8135728767296805,1.1180861840233935,-0.8056080385225997,-0.6830064725902929,-0.027026935693740484
7.78,-0.6893844421774917,0.799754377205623,1.1175470141856045,-0.7916383265200153,-0.6987731666417716,-0.026890246512564886
7.8,-0.7050751973751395,0.7856233730963859,1.117010570151903,-0.7773609507005474,-0.7142554276361466,-0.026754358036498616
7.82,-0.7204773716050118,0.7711856132529485,1.1164768358244774,-0.7627816614149978,-0.7294472761463098,-0.026619279738191892
7.84,-0.7355849842996576,0.756446964187653,1.115945794752438,-0.7479063457014945,-0.7443428282725364,-0.02648503349500686
7.86,-0.75039217562642,0.7414134107597966,1.1154174306403144,-0.7327410183375775,-0.7589363065260812,-0.026351567077398386
7.88,-0.7648932057124164,0.7260910506816154,1.1148917281913384,-0.7172917656921953,-0.7732220944501975,-0.026218872575142882
7.9,-0.779082457964266,0.7104860932432092,1.1143686718241705,-0.7015648045331631,-0.7871946766765774,-0.02608695978773312
7.92,-0.7929544411819203,0.694604856773238,1.1138482459234629,-0.6855664568216184,-0.8008486647507524,-0.025955823293891456
7.94,-0.8065037916041593,0.6784537660609121,1.113330435037571,-0.6693031476779439,-0.8141787983417501,-0.025825457506037708
7.96,-0.8197252750477338,0.6620393498593253,1.1128152237945121,-0.6527814060651522,-0.8271799445626371,-0.02569585754770287
7.98,-0.8326137888922832,0.6453682382588999,1.1123025969352252,-0.6360078658375983,-0.8398470978545305,-0.02556701635118941
