t,x,y,z
0.0,6.0,6.0,15.0
0.01,6.034778535436551,6.718691439733179,14.982173159427248
0.02,6.134658174203213,7.438670289797105,15.01225086943943
0.03,6.293814112166288,8.164843139411042,15.09494771570312
0.04,6.507377552585602,8.900754278002147,15.236017025616388
0.05,6.7712087680523565,9.648438812950085,15.442106980339982
0.06,7.081675319742019,10.40823820025503,15.720615101188661
0.07,7.435432126802472,11.178577128838379,16.079514189552842
0.08,7.829199533904855,11.95570698214717,16.527122117709506
0.09,8.259536979561794,12.733429815127531,17.07178819565913
0.1,8.722611876964583,13.502825076085392,17.721469107431293
0.11,9.21396602725429,14.252015878072603,18.48317154939244
0.12,9.728285876639776,14.966024591376067,19.362246908846114
0.13,10.259187844816358,15.626782952209192,20.361538380076873
0.14,10.799035512098715,16.213373125484154,21.480404979054274
0.15,11.338811686310764,16.70258182569701,22.713679742116074
0.16,11.868073507738691,17.069839370899825,24.050661565800095
0.17,12.375021709557803,17.290586310824967,25.474283730048867
0.18,12.846713817691146,17.34205536711532,26.9606389751543
0.19,13.269443317424871,17.20537529433999,28.479056278105645
0.2,13.629291223567481,16.8678067015712,29.992900660449695
0.21,13.91283319994213,16.324825996370667,31.461193764415317
0.22,14.107956390184677,15.581711708490491,32.84102577396377
0.23,14.204711405297434,14.654291202086721,34.090568777047515
0.24,14.196102762130948,13.568592897560812,35.17234125419454
0.25,14.0787138699037,12.35931955820197,36.056264722800734
0.26,13.85307464809314,11.06727625820878,36.72203801906432
0.27,13.523712210100165,9.736098784778052,37.160453851873605
0.28,13.09887076193125,8.408766207780438,37.373474622046515
0.29,12.589936757061372,7.124409016933324,37.373121317403736
0.3,12.010646921934889,5.915833048793851,37.179440195623656
0.31,11.376181377784167,4.80800456401183,36.817943597949316
0.32,10.702247947763643,3.8175425570146646,36.31694864956744
0.33,10.004249395042578,2.9530888662139505,35.70517349733581
0.34,9.296598277572407,2.2163200787526067,35.009828162564325
0.35000000000000003,8.592213256104127,1.6033278236826132,34.25530208063965
0.36,7.90220220272698,1.1061179224395798,33.46243489878324
0.37,7.2357159043314265,0.7140373265090141,32.648280279682155
0.38,6.59994281218645,0.41500837264429813,31.826235513488673
0.39,6.000209923137097,0.19651385137397667,31.006406481931606
0.4,5.440155307311001,0.04632508765547881,30.196094689090444
0.41000000000000003,4.92194189806859,-0.0470036921890237,29.400319790306646
0.42,4.446488255398321,-0.09383542273781784,28.622319466015792
0.43,4.013698263441689,-0.10330125677061236,27.863992723060523
0.44,3.6226775253793564,-0.08326146304241813,27.12627148740748
0.45,3.2719290013078397,-0.040340836263819804,26.409418162501115
0.46,2.959524249942189,0.019988628146845946,25.713254692496548
0.47000000000000003,2.683249058022473,0.09329934417020576,25.037332375356378
0.48,2.4407242764221424,0.1760884705814364,24.38105331571558
0.49,2.229503661016545,0.2656571965901209,23.743753943990598
0.5,2.0471511311329538,0.35999544389698507,23.124759932480554
0.51,1.8913001279357897,0.4576757566531581,22.523420310957672
0.52,1.759697759666223,0.5577583849071207,21.93912704534374
0.53,1.6502362820820369,0.6597082737517259,21.37132488100552
0.54,1.5609742636701704,0.7633238649118377,20.819515023133693
0.55,1.4901495091611905,0.8686771419279108,20.283255238266364
0.56,1.4361855572573212,0.9760640592360481,19.76215818323699
0.5700000000000001,1.397693304623585,1.085964350151367,19.255889179861857
0.58,1.3734690625284227,1.1990096757760715,18.76416424785437
0.59,1.36249012904444,1.315959090185702,18.286748912078213
0.6,1.3639087626313775,1.437680848765145,17.82345810955357
0.61,1.377045268330687,1.565139662194845,17.374157407811804
0.62,1.4013807578351054,1.6993885843204466,16.938765688781338
0.63,1.4365500227869943,1.841564797763244,16.51725943087439
0.64,1.482334845106807,1.9928886419810052,16.109678728419592
0.65,1.5386579847214374,2.154665289458808,15.716135219490795
0.66,1.6055780050965547,2.3282885260109922,15.336822135326758
0.67,1.6832850318679702,2.5152461216376327,14.97202674126464
0.68,1.7720974820015276,2.717126285681007,14.622145504417954
0.6900000000000001,1.8724597500905507,2.9356246794524488,14.287702395145276
0.7000000000000001,1.984940788023024,3.1725514030759756,13.969370810446087
0.71,2.1102334532419476,3.429837288555314,13.667999687071474
0.72,2.249154453711835,3.70953867804038,13.384644455779044
0.73,2.402644639809088,4.01383967167658,13.120603562777909
0.74,2.571769308235489,4.345050557005402,12.877461346269993
0.75,2.7577180803336194,4.705600774012216,12.657138085442174
0.76,2.961803766699032,5.098024271709605,12.461948016934423
0.77,3.185459485006567,5.524934623324199,12.294666001917285
0.78,3.430233040707608,5.9889863825999745,12.158603294605763
0.79,3.697777336517996,6.492818440756843,12.057692404986835
0.8,3.9898352183637766,7.0389740051893295,11.996580332407746
0.81,4.3082167610996205,7.629790701715694,11.980728279928694
0.8200000000000001,4.654766502420797,8.267253062494374,12.01651424992838
0.8300000000000001,5.031317573445135,8.952798464643047,12.111332379044619
0.84,5.439629122699226,9.687066821413378,12.27367967840482
0.85,5.881302674954063,10.469583788629846,12.513215407414025
0.86,6.357672782054529,11.29836881528899,12.840773294231294
0.87,6.869666848925986,12.169462060977189,13.268298284492138
0.88,7.417629374973816,13.076370971682339,13.808671483789464
0.89,8.00110672814735,14.00944810907495,14.47537778539672
0.9,8.618591138001474,14.955231360961681,15.281962136210105
0.91,9.267226313495083,15.895797971913693,16.241220447488242
0.92,9.942483883920424,16.808225249690555,17.364071390067405
0.93,10.637829375550544,17.664281930673784,18.658083231382385
0.9400000000000001,11.344408451770489,18.430521266760653,20.125667258917517
0.9500000000000001,12.050799204283049,19.06897231695218,21.762025612338117
0.96,12.742891116579838,19.53862855629606,23.55304206629764
0.97,13.403961734008012,19.79788144997579,25.47342003669529
0.98,14.015025428609349,19.807926056935315,27.485495957797077
0.99,14.555513674285995,19.536958877885436,29.5392124286441
1.0,15.004311706698545,18.964727083513775,31.573700719008468
1.01,15.341118672269564,18.08672015864259,33.52072630386755
1.02,15.54802472181814,16.91712908331215,35.309897232967835
1.03,15.611125308462967,15.489732155964223,36.87507987645833
1.04,15.521942073071935,13.856172741452742,38.16103635656373
1.05,15.278416098812565,12.081622321999415,39.12908154577705
1.06,14.885290215831338,10.238455642602313,39.76064382467855
1.07,14.353800889501963,8.399056211268125,40.058061191836906
1.08,13.700725815351552,6.6290603756141,40.04258147398425
1.09,12.946947468068508,4.982163436042515,39.750162657128875
1.1,12.115763358872789,3.497140685247708,39.226073038995565
1.11,11.231186255805639,2.1971689183446865,38.51937151791245
1.12,10.316438765982243,1.0910629719144749,37.67814553303357
1.1300000000000001,9.39277551111943,0.17577462613099362,36.74602064694406
1.1400000000000001,8.478687965174705,-0.5605383266594932,35.760080598068214
1.1500000000000001,7.58948068879872,-1.135446206820234,34.750050803251035
1.16,6.737163333640825,-1.5695642405025034,33.738441503595794
1.17,5.930581571756956,-1.8844371312940529,32.74130664001701
1.18,5.175707571401996,-2.101026131255413,31.7693127862416
1.19,4.476019861957504,-2.238737692204392,30.828887627600007
1.2,3.8329174667188117,-2.314888556825148,29.923298742385423
1.21,3.2461290789025474,-2.3444927217959832,29.053582660233882
1.22,2.7140922537877987,-2.3402669762663737,28.21929473807898
1.23,2.234288862367351,-2.3127718536794295,27.419082766261596
1.24,1.8035312340726826,-2.270626425769383,26.651104758612146
1.25,1.418198838293438,-2.2207544451231893,25.91331858821104
1.26,1.0744286643614844,-2.168634461503291,25.203671919095818
1.27,0.7682641799590626,-2.1185375906575015,24.52021812893735
1.28,0.4957684637790888,-2.0737443008185394,23.86117973710711
1.29,0.25310711479659326,-2.0367364656795677,23.22497628661102
1.3,0.036606231296879566,-2.0093641105462505,22.61022951456317
1.31,-0.15720981559262676,-1.9929879498431875,22.015755083055286
1.32,-0.331596674534505,-1.9885997801725919,21.44054734924332
1.33,-0.4895808589584109,-1.9969231659802846,20.883761509121182
1.34,-0.6339601917075722,-2.018496951735487,20.344695877166206
1.35,-0.7673114239104422,-2.05374403403634,19.822775961301716
1.36,-0.8920030526113272,-2.103027651464165,19.317541233098925
1.37,-1.0102117537693311,-2.1666972154615136,18.82863503485115
1.3800000000000001,-1.1239411808527024,-2.245125475224563,18.35579775699651
1.3900000000000001,-1.23504215604827,-2.338738563949613,17.898863284624195
1.4000000000000001,-1.345233505572109,-2.4480402517235786,17.457758649017908
1.41,-1.4561229911630702,-2.5736314887570617,17.032506825506125
1.42,-1.5692279168736665,-2.7162261370624488,16.62323266335743
1.43,-1.6859951100922106,-2.876663582101797,16.230171999800234
1.44,-1.8078200769142523,-3.055918686391905,15.853684092577595
1.45,-1.9360651626885264,-3.2551093788059413,15.494267595356133
1.46,-2.072076599139165,-3.4755019469094277,15.152580375772237
1.47,-2.2172003122197483,-3.718513882622665,14.829463591810955
1.48,-2.3727963638063083,-3.9857138679549498,14.5259704926678
1.49,-2.540251855250636,-4.27881820427877,14.243400480525805
1.5,-2.720992047828628,-4.599682657845891,13.983339020136684
1.51,-2.916489371937405,-4.9502882813262,13.74770396704322
1.52,-3.128269863473825,-5.332719297077576,13.53879882740771
1.53,-3.357916399973364,-5.749130555592317,13.359373299386977
1.54,-3.6070679034663597,-6.201701404494287,13.212691145221472
1.55,-3.877413415514352,-6.6925720235640735,13.102604939887001
1.56,-4.170679637881573,-7.223757402592282,13.03363645340572
1.57,-4.4886101629214865,-7.797033203194697,13.011060244894358
1.58,-4.832934245929931,-8.413786958745503,13.040986451938434
1.59,-5.205322173526856,-9.074826414298458,13.130435708788578
1.6,-5.607324673793055,-9.780138933465027,13.287397635226597
1.61,-6.040292139086149,-10.52859240280124,13.520857609687356
1.62,-6.505270202743772,-11.317573517090995,13.840773584460155
1.6300000000000001,-7.002867636285184,-12.14256067661208,14.257977079982808
1.6400000000000001,-7.533093172048602,-12.996636551280536,14.783966243996352
1.6500000000000001,-8.095159140987718,-13.869955860346108,15.430552461560335
1.6600000000000001,-8.68725215825593,-14.749199911535547,16.209317559868744
1.67,-9.306275161985385,-15.617072229270672,17.130838427435595
1.68,-9.947571272806771,-16.451916267980952,18.203646222564977
1.69,-10.60464766175986,-17.22756705454824,19.432908387095186
1.7,-11.268928620727833,-17.913577770477968,20.81886290225093
1.71,-11.92957822398465,-18.475978511560978,22.355096682435178
1.72,-12.57344363688825,-18.878712547761953,24.026841631954138
1.73,-13.185177727238772,-19.08584529289738,25.80955617978086
1.74,-13.747597352488622,-19.064528765608458,27.668137447884405
1.75,-14.242319610101093,-18.78853952762516,29.557143389416215
1.76,-14.650687156498194,-18.2420031211655,31.422351701538815
1.77,-14.954946142102916,-17.42272629065521,33.203811573808096
1.78,-15.139582545322213,-16.344451590150236,34.84026155152904
1.79,-15.192667392406403,-15.037401389997843,36.27443855591801
1.8,-15.107026057547705,-13.546728406440922,37.45849405719865
1.81,-14.881046916160207,-11.928901847937619,38.35858031481548
1.82,-14.518987543532033,-10.246528326797343,38.957756285486056
1.83,-14.030717580261593,-8.562474079380701,39.25670067125239
1.84,-13.430933752217651,-6.934299479980886,39.272196394655374
1.85,-12.737971845522704,-5.409885609865324,39.03382721714888
1.86,-11.972396585558567,-4.024789145623209,38.57964165150778
1.87,-11.155563721278396,-2.801436782208973,37.95162211364642
1.8800000000000001,-10.308322017730116,-1.7499015472038444,37.19166505969246
1.8900000000000001,-9.449970142484684,-0.8697808861289964,36.33851599330045
1.9000000000000001,-8.597522954557085,-0.15263770785753922,35.42581788900157
1.9100000000000001,-7.76528768770608,0.4154644321068216,34.48119977304919
1.92,-6.964712276383648,0.8516626076289149,33.526192850475645
1.93,-6.204447527247747,1.174414611320875,32.57671140494661
1.94,-5.490559238604472,1.4020959739114636,31.64385058918787
1.95,-4.826831448346741,1.5520478759755887,30.734804032458012
1.96,-4.215112353716925,1.6400044692214117,29.853764533840298
1.97,-3.655666979509877,1.6798126259477772,29.00272758500409
1.98,-3.1475122643318265,1.6833601220873942,28.1821608073445
1.99,-2.688719939816662,1.6606411253561055,27.391531974470222
2.0,-2.276680012925212,1.6199038409597342,26.62970609162652
2.0100000000000002,-1.9083228198191908,1.5678402679366834,25.895230698564895
2.02,-1.5803009975765958,1.509790886954671,25.18653129203905
2.0300000000000002,-1.2891346720078052,1.4499469553007052,24.502037861050823
2.04,-1.0313241209682862,1.3915402011661013,23.840260841570935
2.05,-0.8034345209767044,1.3370145640193862,23.19983156481681
2.06,-0.6021572340825511,1.288177912133399,22.579518771153335
2.07,-0.42435181511709447,1.2463335641983055,21.978229986050195
2.08,-0.26707241534729353,1.2123926368722544,21.39500395377749
2.09,-0.12758192032209925,1.1869688941230294,20.82899862416122
2.1,-0.003356387689422549,1.1704579391185175,20.279477292752563
2.11,0.1079177375231151,1.1631027874345452,19.745794927484845
2.12,0.20835180929440683,1.1650477045208643,19.227385650625585
2.13,0.299867021356628,1.176382102298588,18.723751907331085
2.14,0.3842090672292499,1.1971761245427734,18.234455554688623
2.15,0.4629644397407393,1.2275093870522433,17.7591109042421
2.16,0.5375776522986955,1.2674941436738634,17.29737961747346
2.17,0.6093687873589643,1.3172940214470275,16.84896736065884
2.18,0.6795509899846788,1.3771392791074444,16.413622073388325
2.19,0.7492476140231734,1.4473394212836415,15.99113375703117
2.2,0.8195088356428537,1.5282938678159976,15.581335714475527
2.21,0.8913276339006669,1.6205012565978478,15.18410722275399
2.22,0.9656550873938123,1.7245678601531278,14.79937767156587
2.23,1.0434149898267961,1.8412154943123695,14.427132256643363
2.24,1.1255178150550273,1.9712892107922466,14.067419377075979
2.25,1.212874082882481,2.115764980148046,13.720359949757905
2.2600000000000002,1.306407189353567,2.275757484927934,13.386158923284313
2.27,1.4070657643148272,2.4525280546236696,13.06511934956448
2.2800000000000002,1.5158356113600173,2.6474926649106645,12.757659462456566
2.29,1.6337512746871286,2.8622298643411455,12.464333262084578
2.3000000000000003,1.7619072344049957,3.0984882225313735,12.185855279084311
2.31,1.9014687086316902,3.358192857912035,11.923130261789554
2.32,2.05368197465233,3.6434503265474616,11.677288581179488
2.33,2.219884079775929,3.9565509702315906,11.449728266425382
2.34,2.4015115871824255,4.299966773611754,11.242165260971667
2.35,2.600108126466241,4.676344083740987,11.056691826046228
2.36,2.8173300810045694,5.088487333541266,10.895845718901652
2.37,3.0549496783009102,5.539331578746858,10.762690077604631
2.38,3.3148544437155363,6.031899228711545,10.660905438676002
2.39,3.5990416600688975,6.56923583072154,10.594894008936407
2.4,3.909605823394157,7.154317657044105,10.569895759863012
2.41,4.248717024976317,7.78992393694446,10.592114431312016
2.42,4.6185869252574285,8.478462163411045,10.668849508121944
2.43,5.021418711096585,9.221735777119076,10.808626913367048
2.44,5.45933633970816,10.020640339550722,11.021316775061386
2.45,5.934287594148334,10.874774481672516,11.31822024041971
2.46,6.447914682485922,11.781952668769785,11.712099094613274
2.47,7.001385666710241,12.737610717275075,12.21711158783379
2.48,7.595179974056892,13.734103483914353,12.848604404783584
2.49,8.228823022256279,14.75990950878262,13.622701273373423
2.5,8.90056716360987,15.798781724611644,14.555611714479276
2.5100000000000002,9.60702248576875,16.8289192221618,15.662584313219373
2.52,10.342749799981974,17.822284412052603,16.95643315980239
2.5300000000000002,11.099841237048242,18.74424453242747,18.445600050391743
2.54,11.867532284586195,19.553779234167806,20.13177954895746
2.5500000000000003,12.631908390751303,20.2045268321701,22.007242308069994
2.56,13.37579123136921,20.646943784067208,24.052144015996504
2.57,14.078902870885928,20.8317548005416,26.232283144771664
2.58,14.718405252797059,20.714671272946475,28.49792592840401
2.59,15.269886394391158,20.262034275347055,30.78437943872305
2.6,15.708806124182992,19.45664236848548,33.01487535220177
2.61,16.01232467596845,18.30267704278281,35.105964381429786
2.62,16.16133210314449,16.828485624283136,36.97504366535865
2.63,16.142402036343434,15.086188147302972,38.54896880990553
2.64,15.949347802799375,13.147677701881817,39.77218866652672
2.65,15.584089485000943,11.097453110947553,40.6127277758084
2.66,15.056652397240763,9.023567071790728,41.064750814969095
2.67,14.384284330515365,7.008465081716123,41.14727442572171
2.68,13.589850986034245,5.1214369132898545,40.89954628723211
2.69,12.699794048380776,3.413847574348375,40.374339386759246
2.7,11.741982004738905,1.917507974111781,39.630684482503625
2.71,10.743749076699434,0.6457970499276968,38.72737485885738
2.72,9.730326931084504,-0.40331770508866194,37.71808824135331
2.73,8.723765099497768,-1.2433424745838768,36.64841752792601
2.74,7.742338317070754,-1.895239817434939,35.55465439918911
2.75,6.800372383427256,-2.3838964725904557,34.463916285403656
2.7600000000000002,5.908386981073534,-2.7353543680375716,33.395133232572476
2.77,5.073448689515351,-2.9748582222799946,32.360461465135735
2.7800000000000002,4.299639799660733,-3.1256334546115516,31.366798892879224
2.79,3.5885695018441672,-3.2082431029496017,30.41719631533164
2.8000000000000003,2.9398761974513503,-3.240363117653584,29.5120577722285
2.81,2.3516890035556823,-3.2368321953953094,28.650094532462404
2.82,1.8210320599147864,-3.2098651204266426,27.829041921846407
2.83,1.344165471107595,-3.169347870793371,27.04617014216534
2.84,0.9168640392590067,-3.123161400455266,26.298629191167308
2.85,0.5346386802879386,-3.077500872099586,25.583667281651362
2.86,0.19290739950174446,-3.0371720786831053,24.898757434002224
2.87,-0.11287672985516718,-3.005856206706362,24.24166059297948
2.88,-0.3871333042972779,-2.9863403062906193,23.610447149279402
2.89,-0.6340914032659567,-2.980714223297017,23.003492998277828
2.9,-0.8577496297908135,-2.990536521684597,22.419461638194385
2.91,-1.061854381478711,-3.016972753895843,21.857280076100754
2.92,-1.2498921481822363,-3.0609095925842618,21.31611367234425
2.93,-1.42509236916004,-3.123048214984357,20.79534306702305
2.94,-1.5904380451327331,-3.203980022471091,20.2945449377952
2.95,-1.7486817863274022,-3.304247419455681,19.813477613912966
2.96,-1.9023654974843245,-3.4243919808506758,19.352071873944627
2.97,-2.0538422416506457,-3.5649919606526628,18.910427021734456
2.98,-2.2052991432570983,-3.726690720529136,18.488812162508665
2.99,-2.358780428828404,-3.910217302660655,18.08767255812419
3.0,-2.5162098890947933,-4.116400024120291,17.70764094865118
3.0100000000000002,-2.6794121831831843,-4.3461736251964345,17.34955376711383
3.02,-2.8501324922861486,-4.6005801576239636,17.014472218361437
3.0300000000000002,-3.0300540794697604,-4.8807634374627975,16.703708221053066
3.04,-3.2208133182510874,-5.187956508221239,16.418855206001805
3.0500000000000003,-3.424011720598762,-5.523461140699776,16.16182370027093
3.06,-3.6412244372644036,-5.88861803204061,15.934881506971205
3.0700000000000003,-3.874004578087951,-6.284765688754875,15.740698001445901
3.08,-4.123882575598496,-6.713185778838039,15.58239172568906
3.09,-4.3923596339959285,-7.175031963674338,15.46357984828095
3.1,-4.680894099038484,-7.671238857004523,15.388427235749619
3.11,-4.990879346463233,-8.202407320620974,15.361691745524107
3.12,-5.323611549716732,-8.768662074672692,15.388760830708346
3.13,-5.680245469739112,-9.369477687236298,15.475672585980485
3.14,-6.061736221013589,-10.003469650584083,15.62911193700015
3.15,-6.4687649262112314,-10.668148724955511,15.856369737749473
3.16,-6.901646315693707,-11.359639380114613,16.16524942058774
3.17,-7.360216772874535,-12.072367496938082,16.563902481760348
3.18,-7.843702254401906,-12.798728893329375,17.060571376366997
3.19,-8.350567072088406,-13.528759349486162,17.6632169774183
3.2,-8.878347208622733,-14.249839234271668,18.37900918203741
3.21,-9.4234744482795,-14.946476753838793,19.213665523817923
3.22,-9.981103268498023,-15.600234485753369,20.17063422845441
3.23,-10.544956880950549,-16.189871186664757,21.250140199236693
3.24,-11.10721522264424,-16.691782421668734,22.448143100303987
3.25,-11.658473185279163,-17.080816603317576,23.755296176749948
3.2600000000000002,-12.187800932341686,-17.331520104132238,25.156040010322425
3.27,-12.68293824311363,-17.41981660281478,26.6280049121415
3.2800000000000002,-13.130648450255153,-17.325047714335568,28.141920309380076
3.29,-13.517244477646168,-17.03221371434512,29.66221391645208
3.3000000000000003,-13.829276852108995,-16.53414364175928,31.14842749288685
3.31,-14.054346227154609,-15.833259108807157,32.55745763069807
3.3200000000000003,-14.181971986370153,-14.942574020961446,33.84647222037895
3.33,-14.204424150758916,-13.885640052229684,34.97618736134348
3.34,-14.117413643075075,-12.695300149613567,35.91405998723678
3.35,-13.920542759283279,-11.411327430645946,36.63690750797856
3.36,-13.617445436625635,-10.077248598366051,37.13253681211475
3.37,-13.215590969037095,-8.736818128849762,37.400141307976455
3.38,-12.725775115958065,-7.430666107132756,37.44945875318155
3.39,-12.16136824026851,-6.193579594448187,37.29891135402628
3.4,-11.537419801210811,-5.052715878583892,36.973106504569785
3.41,-10.86972767274276,-4.0268431872103285,36.50013110208569
3.42,-10.173970486578856,-3.126516743641193,35.90902783580433
3.43,-9.46497588971167,-2.354969585777409,35.22772720476639
3.44,-8.756166726338943,-1.7094435299597373,34.481571415487885
3.45,-8.059197039682159,-1.1826968609966646,33.692441623266156
3.46,-7.38376598300736,-0.7644785788382112,32.878411600723894
3.47,-6.737582186029567,-0.4428299560359714,32.05380415752242
3.48,-6.12644388629631,-0.2051418854670065,31.22951622615413
3.49,-5.554399350297594,-0.038950174420697314,30.41349216951292
3.5,-5.023955661017574,0.06751332229136245,29.61125082909858
3.5100000000000002,-4.536309735896331,0.12497651817697099,28.826400716509262
3.52,-4.0915818857087665,0.14294588366938962,28.061103769154673
3.5300000000000002,-3.6890382399342814,0.12964546495671167,27.316468451730607
3.54,-3.3272935438468925,0.09203882986110835,26.592867514128443
3.5500000000000003,-3.0044897786608185,0.03590427374124824,25.89018442792131
3.56,-2.718449002763016,-0.034059644144808554,25.20799754411256
3.5700000000000003,-2.466800820651362,-0.11411432842889786,24.54571268006544
3.58,-2.2470861037754624,-0.20135852894059364,23.902654999165986
3.59,-2.0568393400783327,-0.2936100079586794,23.27812992821844
3.6,-1.893652279796924,-0.3892959013168652,22.671461410796578
3.61,-1.755221612989722,-0.48735407877912945,22.082014160122437
3.62,-1.639383296447864,-0.5871464877868697,21.509205106678916
3.63,-1.5441359530420657,-0.6883845192342446,20.95250790892242
3.64,-1.4676555047467006,-0.7910658992994485,20.411453347634648
3.65,-1.4083029284612363,-0.8954222704197794,19.885627563246196
3.66,-1.364626777865709,-1.0018764814203922,19.374669529342626
3.67,-1.3353618064873398,-1.1110085141013608,18.878268565467625
3.68,-1.319424866737792,-1.22352902230002,18.39616253836743
3.69,-1.3159090080659384,-1.3402594788477258,17.92813706963265
3.7,-1.3240765287516805,-1.4621180119852684,17.47402597697182
3.71,-1.3433515815802244,-1.59011009462692,17.033713099951214
3.72,-1.3733128020445389,-1.725323334522558,16.60713562842696
3.73,-1.4136863125166836,-1.8689256965163759,16.194289055006287
3.74,-1.4643393639222901,-2.022166558936433,15.795233894983719
3.75,-1.5252748027063119,-2.186380060121967,15.410104354620012
3.7600000000000002,-1.5966264639582477,-2.3629902479858456,15.039119186275501
3.77,-1.6786555700219559,-2.5535175391381837,14.682595020567787
3.7800000000000002,-1.7717481269297755,-2.7595860181038927,14.340962544256298
3.79,-1.8764132824097206,-2.9829310595661043,14.014785964748715
3.8000000000000003,-1.9932825586863858,-3.2254066904742116,13.704786284772991
3.81,-2.1231098203704497,-3.488991999603944,13.411868995942967
3.8200000000000003,-2.2667717728305012,-3.7757957438622474,13.137156884619019
3.83,-2.4252687234830423,-4.088058064967165,12.882028719346383
3.84,-2.599725238713965,-4.428147937424146,12.648164645895582
3.85,-2.7913902200336325,-4.798554575600216,12.437599138923604
3.86,-3.001635772183984,-5.2018705041386415,12.252782324336842
3.87,-3.2319540490389116,-5.640763367215712,12.096650347312652
3.88,-3.483951025753381,-6.117932765470801,11.972705173967121
3.89,-3.7593358474466068,-6.636047451768934,11.885103705907055
3.9,-4.0599040373014965,-7.197657116820578,11.838755244342213
3.91,-4.3875123954173185,-7.805071744531747,11.83942502030865
3.92,-4.744042911826907,-8.460200270366217,11.893839589284468
3.93,-5.131352411057462,-9.164339061176587,12.00978707825465
3.94,-5.551204018398617,-9.917899943667265,12.196201394713675
3.95,-6.005175926071454,-10.720067519242278,12.463214330221676
3.96,-6.494542448240426,-11.568376969638972,12.822152886375298
3.97,-7.020122106988023,-12.45820783753091,13.285449959312784
3.98,-7.582088123066364,-13.382196344637714,13.866430628785096
3.99,-8.179737547675042,-14.329582867942104,14.578921461969891
4.0,-8.811218570467359,-15.285530606293575,15.436629113071916
4.01,-9.473219947669316,-16.230480198666697,16.452228603735254
4.0200000000000005,-10.160634442885055,-17.139643015686776,17.636113828419127
4.03,-10.86621820039088,-17.982774558269426,18.994788765274244
4.04,-11.580282000578807,-18.724415114049442,20.528931088693696
4.05,-12.290465699158052,-19.324803965347762,22.231242751023245
4.0600000000000005,-12.981662001258087,-19.74166714095038,24.08431485143521
4.07,-13.636165454378942,-19.933004169413326,26.058861383761002
4.08,-14.234120627601932,-19.860850056605383,28.112786573319873
4.09,-14.754323331200803,-19.49575398990175,30.191593203528576
4.1,-15.175385960222515,-18.821434225315567,32.23055607097381
4.11,-15.47721165315074,-17.838808607696475,34.158832315165505
4.12,-15.642644239331624,-16.56847787256866,35.9052715299977
4.13,-15.659088786842638,-15.050856255315537,37.40520409833093
4.14,-15.519857782893846,-13.34353921069155,38.60709013083606
4.15,-15.225010659595297,-11.516109402002765,39.47776771897395
4.16,-14.781526279214305,-9.643206302210785,40.0052593858585
4.17,-14.202766043578867,-7.797127881424027,40.19863662633978
4.18,-13.507316001385782,-6.041297292663779,40.08513315328413
4.19,-12.71740293191255,-4.425625222797333,39.705293319563125
4.2,-11.857133522689193,-2.984252423554547,39.10725720691042
4.21,-10.950799688911049,-1.7355797984910943,38.34126044007926
4.22,-10.021438766311975,-0.6840657826083398,37.45514197346101
4.23,-9.089758566504042,0.17692285835826227,36.4912556133764
4.24,-8.173458524083848,0.8618969589172762,35.48481301481123
4.25,-7.286916709583053,1.3901964003983778,34.46343382393966
4.26,-6.441174975008377,1.7834264088734004,33.447560826751214
4.2700000000000005,-5.6441401359339585,2.0635084905897796,32.45139052177695
4.28,-4.900921652259195,2.251339268839868,31.484027757196564
4.29,-4.214238648910964,2.3659720993246864,30.550656494031827
4.3,-3.5848454583696565,2.4242050175805874,29.653600282367226
4.3100000000000005,-3.0119410093417165,2.4404589638481333,28.79321151362
4.32,-2.493540901562111,2.426846162481227,27.968573326245593
4.33,-2.026801570180503,2.3933510701800675,27.17802579578175
4.34,-1.6082933592817827,2.348068442139622,26.419541726924667
4.3500000000000005,-1.2342236835697655,2.297460699452496,25.690981343682047
4.36,-0.9006145327301646,2.2466113612938443,24.990254727514166
4.37,-0.6034397476095428,2.1994614100001133,24.315417181202157
4.38,-0.33872784833161446,2.159021846872666,23.664717824601357
4.39,-0.10263609792156313,2.1275601672343663,23.03661725346884
4.4,0.10849896864259356,2.10676101957577,22.429786023501073
4.41,0.2981299235201813,2.097862735666474,21.843092321505242
4.42,0.4694817567250651,2.101772066123494,21.275584569554532
4.43,0.6255467433285024,2.119159745671707,20.72647271175545
4.44,0.7690880713690949,2.150539460184118,20.195110546171684
4.45,0.9026499354264971,2.196332662285589,19.680980458039322
4.46,1.0285722420007946,2.256921457163771,19.18368126802629
4.47,1.1490084591828564,2.332691521548015,18.702919496400277
4.48,1.2659454310508411,2.4240667994397187,18.23850412508147
4.49,1.3812242760180937,2.531537425074776,17.790344821383815
4.5,1.4965616720174653,2.6556821283207843,17.358453558792572
4.51,1.613571041945177,2.7971860728946356,16.94294960162293
4.5200000000000005,1.7337831989168284,2.956855025651585,16.544067867439296
4.53,1.8586662479603613,3.1356262990694033,16.162170769740058
4.54,1.9896444873335162,3.334576890349959,15.797763718316249
4.55,2.12811615200093,3.5549289299547366,15.451514550445422
4.5600000000000005,2.275469858785738,3.798052321903261,15.124277245610939
4.57,2.433099580858141,4.065464200171495,14.817120364355548
4.58,2.602417981231352,4.358824574320645,14.531360655382038
4.59,2.7848678164100926,4.6799270584679,14.26860244800524
4.6000000000000005,2.981931096739637,5.030683350582175,14.030783225524972
4.61,3.1951355138106146,5.413099518371575,13.820225878323615
4.62,3.426057507516307,5.829241640331223,13.63969785187772
4.63,3.676321133088058,6.281187676245544,13.49247712293524
4.64,3.9475916469099688,6.7709617230445005,13.382424404414808
4.65,4.241562392886277,7.300445837499427,13.314060133758376
4.66,4.55993318462639,7.87126382935875,13.292643581956401
4.67,4.9043782246293475,8.484631030174265,13.324249885960523
4.68,5.276500696377071,9.1411622500225,13.415838049470036
4.69,5.67777116178201,9.840631296287977,13.575300185498028
4.7,6.109446299875878,10.581675053204068,13.811477839009113
4.71,6.572464334020699,11.361437555511397,14.134126397584648
4.72,7.067313587944689,12.175153214180149,14.553802536219816
4.73,7.593871155983046,13.015675361259653,15.081643541782398
4.74,8.151210030145409,13.872967402704111,15.72900115880882
4.75,8.737375665174516,14.733589581898963,16.50689011349268
4.76,9.349136810670863,15.580235678199877,17.425212340697463
4.7700000000000005,9.98172152188802,16.391400076478845,18.49172828662522
4.78,10.628557253829287,17.141284948545454,19.71076947051658
4.79,11.281043862373117,17.80008150827156,21.081728284368378
4.8,11.928398788586206,18.334770886489217,22.597420185361575
4.8100000000000005,12.557623999357716,18.710578133589642,24.242492894207157
4.82,13.153649775891038,18.893154945278628,25.992143574499067
4.83,13.699706298079105,18.851458282876997,27.811468071803798
4.84,14.17796109206961,18.561135664399284,29.655799161825875
4.8500000000000005,14.570427622172135,18.008034282658826,31.47232262595092
4.86,14.860105434660236,17.191280577202935,33.203093983178825
4.87,15.032258340822262,16.125291901857718,34.7893083078828
4.88,15.07568668428218,14.840143630688262,36.17635438899566
4.89,14.983819051307966,13.37996189013468,37.318905132128364
4.9,14.755452483247753,11.799400313182465,38.18517300512671
4.91,14.395012198252223,10.158690908090497,38.75955177472616
4.92,13.912279269926742,8.518085974714918,39.04319311590682
4.93,13.321623822573434,6.9326324885776085,39.05250447157264
4.94,12.64086375329406,5.448085488717085,38.815993707421505
4.95,11.889919520887654,4.098447317862508,38.370167174454636
4.96,11.089446810759117,2.90522714349449,37.755258631309616
4.97,10.259603134471863,1.8781782348257594,37.01144018826093
4.98,9.419055915144558,1.0170660284820199,36.175927219420615
4.99,8.58428272669483,0.31396708314021016,35.28112387579742
5.0,7.769164439352641,-0.24433731427462307,34.35374326946339
5.01,6.9848364148208715,-0.6741823865155948,33.41470698500298
5.0200000000000005,6.239743271863833,-0.9932290141957119,32.47958038131136
5.03,5.539837414555429,-1.219118257689259,31.559312851047714
5.04,4.8888657908219555,-1.368550056584022,30.661097635015402
5.05,4.288699050785929,-1.4567214009313771,29.789222022963322
5.0600000000000005,3.7396686854585504,-1.4970437075074579,28.94583044099968
5.07,3.2408886791105314,-1.5010610063056467,28.131563896466318
5.08,2.7905473914865135,-1.478501923128808,27.34606738657988
5.09,2.386162429917589,-1.4374129529272064,26.588373938748
5.1000000000000005,2.024796240319228,-1.384334540268353,25.857182545464944
5.11,1.7032335038372548,-1.324493780563574,25.151050258248507
5.12,1.4181231852850675,-1.261996391525595,24.468517955223746
5.13,1.1660892873524948,-1.2000078804052632,23.808187151281437
5.14,0.9438145821692614,-1.1409184442599296,23.168762110718916
5.15,0.7481015795487866,-1.086489168501776,22.54906840056468
5.16,0.5759146963808504,-1.0379791530702096,21.94805629651507
5.17,0.4244072163233148,-0.9962543864479793,21.36479511353075
5.18,0.29093614425255354,-0.9618797647128102,20.798462711152663
5.19,0.17306764075322847,-0.9351960418242652,20.248332972031395
5.2,0.068575268466384,-0.9163835196403388,19.71376305938389
5.21,-0.02456708770191128,-0.9055142938856631,19.19418150197282
5.22,-0.10819611116865759,-0.9025947546682815,18.68907767187672
5.23,-0.18397254948440037,-0.9075998979291421,18.19799288539806
5.24,-0.2533963474241482,-0.9205008573049615,17.720513164432283
5.25,-0.31782268621908394,-0.9412868948045973,17.256263580680635
5.26,-0.37847836449150796,-0.9699829430982101,16.80490405482819
5.2700000000000005,-0.4364781128958659,-1.0066636434404261,16.36612646865625
5.28,-0.4928405566654549,-1.0514646900246452,15.939652959073076
5.29,-0.5485036382075922,-1.1045921725212815,15.525235285686243
5.3,-0.6043393834777586,-1.1663305040085954,15.12265520439292
5.3100000000000005,-0.6611679750165901,-1.2370494184564689,14.731725802904885
5.32,-0.719771119895584,-1.3172104502051185,14.352293808108369
5.33,-0.780904751728346,-1.4073732264447967,13.984242906592385
5.34,-0.845311125456687,-1.5082018426141588,13.627498167393721
5.3500000000000005,-0.9137303801940679,-1.6204715336800308,13.282031699995246
5.36,-0.9869116566419245,-1.7450757999393232,12.94786973040705
5.37,-1.0656238630200354,-1.8830340917175785,12.625101332686162
5.38,-1.1506661756335494,-2.035500108740381,12.313889114737423
5.39,-1.2428783598512827,-2.203770705721642,12.014482227175058
5.4,-1.3431509843665124,-2.3892953284488696,11.727232142193886
5.41,-1.4524355787926793,-2.5936858208385845,11.45261174311049
5.42,-1.5717547670464826,-2.818726328154814,11.191238367657474
5.43,-1.7022123668530116,-3.0663828860087423,10.943901564227176
5.44,-1.8450034018584809,-3.3388120945882767,10.711596448509722
5.45,-2.0014239094793767,-3.6383680298703105,10.495563685285786
5.46,-2.1728803405252126,-3.9676062153315637,10.297337259369911
5.47,-2.360898238943461,-4.329283064799561,10.118801322166602
5.48,-2.5671297427384467,-4.726348640436951,9.962257500190981
5.49,-2.7933592342698743,-5.161929795424497,9.830504106874628
5.5,-3.0415062488421576,-5.639299995950586,9.726928564231917
5.51,-3.313624376460542,-6.161830732487088,9.655614142099173
5.5200000000000005,-3.611894515558806,-6.732918209591562,9.621461483194691
5.53,-3.9386102711601088,-7.355877149158001,9.630324425920367
5.54,-4.296152643342438,-8.033791553427541,9.689157903479403
5.55,-4.686950354583101,-8.769310084753098,9.806173066865796
5.5600000000000005,-5.11342127791703,-9.56437161595472,9.990991076694739
5.57,-5.577888994562484,-10.419843843123413,10.254779372864103
5.58,-6.082468558725526,-11.335059851407296,10.61035140439334
5.59,-6.628912869792727,-12.307234204667475,11.072192054502194
5.6000000000000005,-7.21841222692655,-13.330750699393006,11.656365925748975
5.61,-7.851338701289406,-14.396321430421875,12.380243973086113
5.62,-8.526929464161576,-15.49003922633145,13.26197094494732
5.63,-9.242907065042232,-16.592379976452467,14.319580599440659
5.64,-9.995042127157856,-17.677254125949712,15.569665072540744
5.65,-10.776676542459567,-18.711278584830627,17.02551552535309
5.66,-11.57824266363831,-19.653506153202773,18.694704370094087
5.67,-12.386836949609119,-20.455923304582512,20.576172087446643
5.68,-13.185932814378086,-21.065062577175308,22.657035579566656
5.69,-13.955341059752753,-21.42503895919418,24.90953788793549
5.7,-14.6715390985098,-21.48216469171656,27.288781028190037
5.71,-15.308479625368117,-21.190984313567835,29.732049677167407
5.72,-15.838942933565992,-20.52112495044614,32.16053902025329
5.73,-16.236408894132285,-19.463857688200317,34.4840325092974
5.74,-16.47730297141466,-18.03690760031221,36.60849629616966
5.75,-16.543340479700774,-16.28604035873397,38.445741330234426
5.76,-16.42360041106787,-14.282455546309107,39.92351667844792
5.7700000000000005,-16.11594601514332,-12.115972101555847,40.99396397362629
5.78,-15.627499217847594,-9.88512799067845,41.63855412143671
5.79,-14.974056911453005,-7.686183436851458,41.86846724622247
5.8,-14.178554638399405,-5.603264082680582,41.72056576534528
5.8100000000000005,-13.268868615092924,-3.70141635826386,41.25019568307501
5.82,-12.275344804231423,-2.023407124696488,40.522639819342324
5.83,-11.228435882000372,-0.590086717768958,39.605008838291894
5.84,-10.156734944004981,0.5965966045962151,38.55983842204937
5.8500000000000005,-9.085562768130018,1.549135895032062,37.4409561485959
5.86,-8.03613801416858,2.289668764300398,36.29156079392698
5.87,-7.025265565820778,2.845636876023132,35.14406528730461
5.88,-6.065427163721598,3.246323999076028,34.02110955377286
5.89,-5.165144567860102,3.520387162897533,32.93718370701732
5.9,-4.329498103207214,3.6942977087701965,31.90043277432665
5.91,-3.560707194142296,3.7915115510284867,30.91436298432107
5.92,-2.8587076560600564,3.8321671359655327,29.979302773016364
5.93,-2.221684673301466,3.833129437846605,29.093565617866695
5.94,-1.6465400798426146,3.808237297937948,28.254322059132857
5.95,-1.12928610763733,3.7686518182173394,27.45821873618038
5.96,-0.6653664626189744,3.7232384817223583,26.701793604226086
5.97,-0.24991056314763174,3.6789418557941067,25.981736261966926
5.98,0.12207073890929174,3.6411310884998938,25.295036658360267
5.99,0.45553908967398904,3.6139060510256793,24.63905710710464
6.0,0.7553235763580386,3.6003615191143243,24.011554495938952
6.01,1.0260488257155402,3.602810902302487,23.410672458768943
6.0200000000000005,1.2720894178917042,3.6229730830427207,22.834917394101527
6.03,1.4975448072582513,3.6621266625153033,22.283127723848274
6.04,1.7062299081882608,3.7212360026486024,21.754442452371958
6.05,1.9016773765606225,3.8010531494893653,21.248272711573858
6.0600000000000005,2.087148358434181,3.9021992640879493,20.764278355126457
6.07,2.265649093262494,4.025228682889408,20.302350632621852
6.08,2.4399512974575988,4.1706781950577065,19.862601269190844
6.09,2.6126146872069835,4.339103601368009,19.445357926754948
6.1000000000000005,2.7860102793486283,4.531105216991157,19.051165814672185
6.11,2.962343399747852,4.747343512761945,18.680795116210145
6.12,3.14367557232905,4.98854558180808,18.33525387711296
6.13,3.331944495237866,5.255502824338681,18.01580598081264
6.140000000000001,3.5289814770947023,5.549059743629098,17.723993794122734
6.15,3.7365256798808275,5.870093347953381,17.46166497818591
6.16,3.9562346229091703,6.2194823420554926,17.23100288915249
6.17,4.189690100563065,6.598064588361294,17.03455952065954
6.18,4.438398942894436,7.0065812933978435,16.875289843902564
6.19,4.703787629717388,7.445605720128764,16.756585604703645
6.2,4.987189794914913,7.915454067548029,16.68230598141995
6.21,5.289825474497672,8.416075967379912,16.65680146234618
6.22,5.612770821900153,8.946922139200186,16.684926010896515
6.23,5.95691692107113,9.506787188886923,16.77203099770491
6.24,6.32291631106809,10.09362651960703,16.923932520115873
6.25,6.711115973314893,10.70434800258955,17.146841995240123
6.26,7.1214756255156715,11.334582182771795,17.447245691659436
6.2700000000000005,7.553471452685818,11.978438239490654,17.83172299016447
6.28,8.005985336188488,12.628259163813585,18.30668323985557
6.29,8.477182194362415,13.274396466608222,18.878010340190034
6.3,8.964379676910852,13.905034334239351,19.550601712802006
6.3100000000000005,9.463917391601784,14.506100883453916,20.327798735323718
6.32,9.971036254702236,15.061315406938176,21.210715462015354
6.33,10.479782549335292,15.55242476927894,22.197491898482195
6.34,10.982955058326466,15.959683569771062,23.28252129340042
6.3500000000000005,11.472116429288901,16.262621062575146,24.455728432853597
6.36,11.93769129697056,16.441115220554916,25.70200428030834
6.37,12.369171575624232,16.476753100931596,27.00092380025104
6.38,12.755442622277787,16.354402291592482,28.326876818388676
6.390000000000001,13.085232769875565,16.06385261689683,29.64972457403916
6.4,13.347671823330293,15.601331746859781,30.936037412734173
6.41,13.532925134263053,14.97065793244094,32.150888882960224
6.42,13.632850041341486,14.183800121572334,33.2600736612615
6.43,13.641606950659522,13.260671174937636,34.232513996659044
6.44,13.556152483492353,12.2280900000267,35.042548132149385
6.45,13.37654909287737,11.11798703379517,35.6717778299845
6.46,13.106046041924147,9.965068203995905,36.11020739620785
6.47,12.750916667597208,8.804250647457254,36.35652418463416
6.48,12.320070151146309,7.668218529466712,36.41751888698402
6.49,11.824486261571767,6.585405385822937,36.306789866226936
6.5,11.27654123063917,5.578608974979244,36.04297636086134
6.51,10.689300366599868,4.664317816931452,35.64780734381346
6.5200000000000005,10.075846956806036,3.8527052641945208,35.14423033119456
6.53,9.44870161786436,3.148159013118448,34.554818326108986
6.54,8.819366092849675,2.550169377145661,33.90056716759306
6.55,8.198005027058077,2.0543958330513235,33.2001133098151
6.5600000000000005,7.593261746236738,1.6537593305804752,32.46933748546576
6.57,7.01219223891439,1.3394498930828562,31.72128239895552
6.58,6.460294248726547,1.1017836632650284,30.966296279285526
6.59,5.941606742020953,0.9308815455483717,30.212318324801192
6.6000000000000005,5.458855686895155,0.8171706041372027,29.465234290868867
6.61,5.013625853181608,0.7517258785229031,28.729249166814697
6.62,4.606542152607006,0.7264794667488134,28.007240976158684
6.63,4.2374483124440445,0.7343261784336035,27.301074779182127
6.640000000000001,3.9055747869614708,0.7691526273775217,26.611867936511114
6.65,3.6096906721788358,0.8258134541128876,25.940205046550115
6.66,3.348237136357049,0.900073408852323,25.286306234594484
6.67,3.1194415825172013,0.9885297512611468,24.650154891166874
6.68,2.921413070076122,1.0885254490130485,24.031591916445954
6.69,2.7522202393380963,1.1980606256476545,23.430383385284454
6.7,2.609953520235542,1.3157071312128732,22.84626793538309
6.71,2.49277357615481,1.4405292484007854,22.27898922870911
6.72,2.3989479594594,1.572012254733012,21.72831785049787
6.73,2.3268778947840754,1.7099996032670026,21.194066079544374
6.74,2.27511695612838,1.854638827284427,20.67609817874483
6.75,2.242383234367765,2.006335830428925,20.17433817082298
6.76,2.2275663722430887,2.1657170280158486,19.688776595476572
6.7700000000000005,2.2297306832707235,2.3335985354213378,19.219477293113943
6.78,2.2481153481593252,2.5109615978855113,18.766585028999263
6.79,2.282132518294538,2.6989333722100133,18.33033456073422
6.8,2.3313639942059003,2.898772153168414,17.911061633571492
6.8100000000000005,2.3955569947718427,3.1118561252879786,17.50921631964802
6.82,2.474619385624069,3.339674707214313,17.125379086089797
6.83,2.568614629940016,3.5838215086603924,16.7602799698705
6.84,2.6777565833541184,3.8459878729622305,16.41482124741935
6.8500000000000005,2.802404152043168,4.127955874699967,16.09010399675142
6.86,2.9430557178482317,4.431589507222673,15.787458952479621
6.87,3.1003431095858547,4.758822598029392,15.508482038564857
6.88,3.27502477023786,5.11164174175869,15.255074899113978
6.890000000000001,3.4679776286265453,5.492062212681772,15.029490632852047
6.9,3.680187016788727,5.9020944236399275,14.834384722509606
6.91,3.912733781855543,6.343698024368659,14.67287080963317
6.92,4.166777516250744,6.81872018100804,14.54858042652444
6.93,4.4435346024462525,7.328814061340556,14.465725106884861
6.94,4.744249424581062,7.875332819385804,14.429158020305428
6.95,5.070156852457612,8.459194057024352,14.444430970463445
6.96,5.422433757113276,9.080709393353905,14.517840476843887
6.97,5.802137010630648,9.73937387182928,14.656454009881184
6.98,6.210125226375072,10.433610937382074,14.868104117640476
6.99,6.646961426110054,11.160470754647223,15.161334425635427
7.0,7.112794041539548,11.915283240009009,15.545277083848699
7.01,7.607214283968284,12.691273463702885,16.02943667941357
7.0200000000000005,8.12908941365475,13.479156694624434,16.623351911430806
7.03,8.676373262267228,14.266740725410678,17.336106772962797
7.04,9.245899307817231,15.03858398021533,18.175662057495522
7.05,9.833166011448913,15.775772228740074,19.1479921091743
7.0600000000000005,10.432130499171599,16.45590061267997,20.256027923516825
7.07,11.035034089652433,17.05336183156726,21.498441356086076
7.08,11.632291284565017,17.540048224211976,22.86835233842516
7.09,12.21247957973724,17.886559173445598,24.352092388490256
7.1000000000000005,12.762472262010203,18.06396468298144,25.928226228243833
7.11,13.26775213470896,18.046091682667274,27.567071457134382
7.12,13.712932996281987,17.81218733106323,29.230976553045853
7.13,14.082492271102142,17.349677149142103,30.87556729571151
7.140000000000001,14.361685075458798,16.656615805516072,32.452055666316824
7.15,14.53757079036292,15.74336230753122,33.91051480583415
7.16,14.600045897851556,14.63304931314371,35.20379714581761
7.17,14.54275297131755,13.36057834227559,36.29156852935361
7.18,14.363734923742054,11.970130295839025,37.14382878205474
7.19,14.065729177644133,10.511495442019962,37.74331897157276
7.2,13.656049184541287,9.035776658385544,38.08642170444693
7.21,13.146065487094493,7.591147515163492,38.18245863407388
7.22,12.5503615149595,6.219300266768066,38.05160952636845
7.23,11.885683931640925,4.953026849509146,37.72191581204313
7.24,11.16982558821002,3.8151046302299263,37.22593540118299
7.25,10.420569120180783,2.81839936917432,36.597573022250856
7.26,9.654789218097077,1.9669103276302375,35.8694670895205
7.2700000000000005,8.887770869304141,1.2573989028650452,35.07112713255768
7.28,8.132761390500983,0.6812522366476198,34.227844928440035
7.29,7.400742192185614,0.22630401719660134,33.360279978035244
7.3,6.700385714647259,-0.12156987111486395,32.48455625998105
7.3100000000000005,6.038153437574737,-0.377171069352248,31.612693388012783
7.32,5.418490152760195,-0.5550327840225979,30.75321518656802
7.33,4.844074599791503,-0.668780588551672,29.911814666348516
7.34,4.316094249575527,-0.7307485548322532,29.09199337655766
7.3500000000000005,3.8345205254336583,-0.7517923602359874,28.295627762647644
7.36,3.3983682770172816,-0.7412437098943366,27.52344122406091
7.37,3.0059300839411955,-0.7069597886008444,26.77537891883004
7.38,2.6549804427404733,-0.6554308041882643,26.05089270959576
7.390000000000001,2.3429486035224447,-0.5919184246588768,25.349149099739297
7.4,2.067061088055774,-0.5206064948824817,24.669174824112076
7.41,1.8244562368851112,-0.444751427280321,24.009954061887978
7.42,1.6122738834610955,-0.3668246274227516,23.37048961740722
7.43,1.427723513363115,-0.2886425953115936,22.749838295811763
7.44,1.2681342402740445,-0.2114827249741995,22.147128493970925
7.45,1.1309897239750444,-0.13618422690853993,21.561566133022122
7.46,1.0139508688575196,-0.06323459053105707,20.992433386350438
7.47,0.9148687961895912,0.007157472229072523,20.439083335274148
7.48,0.8317902412328877,0.07500138121000519,19.90093267478487
7.49,0.762957224995214,0.14047501006061794,19.37745390051768
7.5,0.7068024778107648,0.20388461202479338,18.86816770406501
7.51,0.6619419153922108,0.2656330810056329,18.372636161344836
7.5200000000000005,0.6271651611834479,0.32619534057845856,17.890456871019595
7.53,0.6014249278422097,0.38609978542851975,17.421258128314836
7.54,0.5838258982616883,0.4459148139000245,16.964695104672764
7.55,0.5736135938065136,0.506239617201693,16.520446965943496
7.5600000000000005,0.5701636021499867,0.5676985053144227,16.08821484182788
7.57,0.5729714363597169,0.6309381609472904,15.667720561377498
7.58,0.5816432183756092,0.6966273135854804,15.258706082389768
7.59,0.5958873178977139,0.7654584167461771,14.860933561919309
7.6000000000000005,0.6155070295413667,0.8381509920904741,14.47418603817171
7.61,0.6403943347699834,0.9154563744789204,14.098268719064205
7.62,0.6705247682233131,0.9981636529997032,13.733010899062071
7.63,0.7059533894062139,1.0871066540984557,13.378268553598158
7.640000000000001,0.7468118479997449,1.1831718555394932,13.033927689991904
7.65,0.7933065231665356,1.287307154225182,12.699908566687089
7.66,0.8457177140631246,1.4005314281855923,12.376170922672397
7.67,0.9043998535302512,1.5239448737323742,12.062720407944344
7.68,0.9697827216136337,1.6587400735537585,11.759616449474864
7.69,1.0423736309727274,1.8062137625260408,11.466981841742806
7.7,1.1227605561414566,1.9677792558267186,11.185014404661878
7.71,1.211616176422195,2.1449794532763606,10.914001142532115
7.72,1.309702794883024,2.339500293945447,10.654335416531314
7.73,1.41787808093565,2.553184450390759,10.406537773757309
7.74,1.5371015815213804,2.7880450137999215,10.171281010410775
7.75,1.6684418726964754,3.046278579240084,9.949420721547769
7.76,1.8130842435505607,3.330277230807876,9.742031874794563
7.7700000000000005,1.9723387162236898,3.642638511938919,9.55045277595046
7.78,2.147648007470442,3.986171625727069,9.376338322885262
7.79,2.3405952283394056,4.363899063750453,9.221722653270861
7.8,2.5529105484546317,4.779050066567183,9.08909453209644
7.8100000000000005,2.7864761560323723,5.23504350249785,8.981485809364912
7.82,3.043328438706685,5.735455544595983,8.902575235785287
7.83,3.325655795986094,6.2839659063479685,8.856808796486053
7.84,3.635790439218328,6.884276562586988,8.84953688724981
7.8500000000000005,3.976191322489148,7.53999182999077,8.88716827570366
7.86,4.3494150629337245,8.254449157772493,8.977337835903567
7.87,4.758070524459879,9.03048551946593,9.129082529931825
7.88,5.204751703374379,9.870122459913413,9.353014964700954
7.890000000000001,5.69194231753715,10.774150497109574,9.661476998282168
7.9,6.221884287240371,11.741592940607028,10.068646243380751
7.91,6.796400936911975,12.769030735270972,10.590554350947443
7.92,7.41666590989399,13.849778272998543,11.244962424892162
7.930000000000001,8.082908169303902,14.97291269350621,12.051015487102237
7.94,8.794046863546484,16.122187640228624,13.028583199933475
7.95,9.547254656403119,17.27490408180112,14.197175481277787
7.96,10.337458081462968,18.400870405616875,15.574323317039788
7.97,11.156799348703123,19.46166709509805,17.173336694874276
7.98,11.994105544564984,20.410512916362002,19.000423711261313
7.99,12.834440152817939,21.193115491129625,21.051280471032555
8.0,13.658842176732755,21.74990993414339,23.307463362593246
8.01,14.444384297104921,22.020016122389794,25.733108553924655
8.02,15.164690439927677,21.94700768440395,28.27282137198886
8.03,15.791029407718788,21.486158491374475,30.851713517049827
8.040000000000001,16.294031111807033,20.61225851402374,33.3784795646022
8.05,16.645953153666476,19.32652911967112,35.751957402336686
8.06,16.823274091980878,17.6608508562525,37.8708053354575
8.07,16.80924605782273,15.677728073371307,39.6449193631306
8.08,16.595960129537243,13.465248923175439,41.00638849352187
8.09,16.185510059991646,11.127588009230452,41.91755056370367
8.1,15.589995890125863,8.772885485914442,42.37429105099808
8.11,14.830350311514819,6.501079148736186,42.403979417594826
8.120000000000001,13.934218824562505,4.394157159743183,42.058871593873356
8.13,12.933300030905675,2.510414780937297,41.40686456513108
8.14,11.860605164118633,0.8830660366291044,40.52181508594426
8.15,10.748030761624003,-0.47751746522140603,39.47525464327259
8.16,9.624498065083579,-1.5792690745764237,38.33054580573443
8.17,8.514754956674224,-2.4429933867380873,37.139704049814306
8.18,7.438805827570628,-3.097144858771902,35.942510997418886
8.19,6.411853544007546,-3.573486099286172,34.767255245078545
8.2,5.4446057591502575,-3.903884464754585,33.632407012303226
8.21,4.543802263293529,-4.118216406803577,32.54865693462782
8.22,3.7128452400573546,-4.243192569588977,31.520929388738356
8.23,2.9524464380665467,-4.30186542494349,30.55014975099698
8.24,2.26123585593314,-4.313593892416182,29.634674105007566
8.25,1.6363013551198773,-4.294282044765829,28.77137351118786
8.26,1.0736465299417157,-4.256758696033128,27.95641043238503
8.27,0.5685658122329382,-4.2112091730634384,27.185763662767325
8.28,0.11594256760430167,-4.165605008437459,26.45556047348302
8.290000000000001,-0.2895206953135899,-4.126101959218235,25.76226878643659
8.3,-0.6531297676863804,-4.097392776540053,25.102792695529484
8.31,-0.980073806128816,-4.08301084088492,24.4745048490785
8.32,-1.275338853820534,-4.085586237374124,23.875240363568352
8.33,-1.543651818670159,-4.1070584791679225,23.30326969687143
8.34,-1.789448149319504,-4.148851065576915,22.757262227414774
8.35,-2.0168575552791723,-4.212013155299507,22.236248202664914
8.36,-2.2297031790068105,-4.297333214965154,21.739583669362446
8.370000000000001,-2.4315104833119716,-4.405428907695848,21.266920988943966
8.38,-2.6255228566664206,-4.536816827592603,20.818186193603793
8.39,-2.8147214998746755,-4.69196507519152,20.393563582600244
8.4,-3.001847669008106,-4.871331065910143,19.993487442010395
8.41,-3.189425841716173,-5.075386228233892,19.618640454963373
8.42,-3.379786366610124,-5.304629098605502,19.26995829601314
8.43,-3.575086716053624,-5.55958749586751,18.948639715272204
8.44,-3.7773303982249655,-5.840810176916339,18.656161402154233
8.45,-3.9883827734901587,-6.148847905317074,18.39429679625948
8.46,-4.209983033536682,-6.484223466165542,18.16513785894484
8.47,-4.443751614819315,-6.847389782376613,17.97111856550836
8.48,-4.691192303098782,-7.238674947683193,17.815038510533054
8.49,-4.953688216098067,-7.658212742731232,17.70008451558655
8.5,-5.232490786346238,-8.10585698871674,17.62984738253484
8.51,-5.528700798284556,-8.581078207323362,17.608330151475002
8.52,-5.843240480898147,-9.08284121876385,17.639943038407665
8.53,-6.176815660169512,-9.609463014591213,17.729479006114676
8.540000000000001,-6.529867040255702,-10.158451377681772,17.88206248537727
8.55,-6.902509921340664,-10.726326539302221,18.10306233815494
8.56,-7.294462048158899,-11.308430876396008,18.397958870294854
8.57,-7.7049599712310055,-11.898735360248581,18.772153930284915
8.58,-8.132665317477569,-12.489656297517216,19.23071330371452
8.59,-8.575563798054855,-13.071901777840315,19.77803235981262
8.6,-9.030861674822608,-13.634373820521068,20.41741997874329
8.61,-9.49488675382647,-14.164158751087424,21.1506029876163
8.620000000000001,-9.963003662964082,-14.646643555964102,21.977164321356476
8.63,-10.429555886017667,-15.065798041846381,22.893942600922514
8.64,-10.887850094787531,-15.404658807476569,23.89444299683581
8.65,-11.33019806231246,-15.646038634171402,24.968318646524423
8.66,-11.748033981929922,-15.773464622284727,26.101016458596057
8.67,-12.132119298474773,-15.772312055865509,27.273674163951725
8.68,-12.472843000506671,-15.631062178044136,28.463364897864917
8.69,-12.760614192628784,-15.342565432821258,29.643755656755307
8.700000000000001,-12.986331782812949,-14.905155800087611,30.78620431041948
8.71,-13.141901258125674,-14.323443558319566,31.861253761597194
8.72,-13.220755580684312,-13.60862683889664,32.840407627004595
8.73,-13.21832812597744,-12.778211216253295,33.698003455281054
8.74,-13.132423789442804,-11.85511129339696,34.41295452354746
8.75,-12.963441756136211,-10.86619881814471,34.970134395996915
8.76,-12.71441872075848,-9.84046941544556,35.361214546314116
8.77,-12.390883926962003,-8.80705400663581,35.58485747649678
8.78,-12.000541670213174,-7.793326864611847,35.64626988509031
8.790000000000001,-11.552817716893847,-6.8233301393849946,35.55621943710436
8.8,-11.05832066721485,-5.91666585059082,35.329690461560745
8.81,-10.528274660659122,-5.087917016798114,34.984384065137476
8.82,-9.973975935857071,-4.346575131080618,34.53925538330998
8.83,-9.406315278221463,-3.6973851095808374,34.013237976122156
8.84,-8.835393994995629,-3.140984044723247,33.42424651230494
8.85,-8.2702461492166,-2.674702854506234,32.788490601407254
8.86,-7.718666523811702,-2.2934151280739967,32.1200844681447
8.870000000000001,-7.18713441483013,-1.9903445348138027,31.430907319926348
8.88,-6.680817023396294,-1.7577737856765239,30.730653234132387
8.89,-6.203633977061138,-1.5876261239939327,30.02700875254727
8.9,-5.758364520318896,-1.4719125708424636,29.325903065033827
8.91,-5.346780859248394,-1.4030533191294883,28.631787292119704
8.92,-4.96979401238058,-1.3740900076488676,27.947911879758948
8.93,-4.627601475536642,-1.3788093942096644,27.27658211414566
8.94,-4.319829194930847,-1.4117986364631847,26.619381422161776
8.950000000000001,-4.045662714387952,-1.4684508964129763,25.977358420576692
8.96,-3.803964620177038,-1.5449366953354682,25.351178464426066
8.97,-3.593376939202455,-1.6381536563781087,24.741243032123183
8.98,-3.412408372898012,-1.7456638549623011,24.14778153451828
8.99,-3.2595069443423714,-1.8656260432082292,23.57092058867144
9.0,-3.133119247512264,-1.996727446510009,23.010735556402686
9.01,-3.0317376796170312,-2.1381184467755987,22.467288652571415
9.02,-2.953937191256679,-2.289352146676809,21.940657282264965
9.03,-2.8984030703852066,-2.4503298770064856,21.43095559170349
9.040000000000001,-2.8639512002488634,-2.6212531136420507,20.938351649905847
9.05,-2.849542127528864,-2.8025817202254157,20.463082123870652
9.06,-2.8542901059619568,-2.9949981467557065,20.005465901721443
9.07,-2.877468139285279,-3.1993769656438014,19.565917780143863
9.08,-2.9185098619190795,-3.416758962890151,19.144963072055415
9.09,-2.977008997797351,-3.6483289180689535,18.74325387176352
9.1,-3.052716831137073,-3.8953959870223005,18.361587398319937
9.11,-3.14553818267663,-4.159375672935632,18.000927009345595
9.120000000000001,-3.2555260648218196,-4.441772113393134,17.662426161898978
9.13,-3.382875124322052,-4.744159353764873,17.347455638201318
9.14,-3.5279138052040744,-5.06816008440051,17.05763423080957
9.15,-3.6910950587762885,-5.4154201431583795,16.794862962028134
9.16,-3.872985224018904,-5.78757682662977,16.5613627228592
9.17,-4.074250560936587,-6.186218772059977,16.35971495704434
9.18,-4.295640737514447,-6.6128348531591215,16.192904627131806
9.19,-4.537968368301747,-7.068749180606725,16.064364111031107
9.200000000000001,-4.802083532330596,-7.55503905893958,15.978016024846294
9.21,-5.08884193646508,-8.072432401540931,15.938311865381525
9.22,-5.399065211719651,-8.621181062685885,15.950262104366738
9.23,-5.733491618400921,-9.200906719319796,16.019451556734403
9.24,-6.0927153476694365,-9.810416684461059,16.15203191446635
9.25,-6.477112562455332,-10.447488266885049,16.354681009542244
9.26,-6.886752452237614,-11.10862269468753,16.634515456961946
9.27,-7.321291960091031,-11.788772919523764,16.998941071945303
9.28,-7.7798540341074505,-12.481058063963568,17.455421425481887
9.290000000000001,-8.260889891676017,-13.176477116296601,18.011149612452193
9.3,-8.762028555259425,-13.86365580005985,18.67259992125347
9.31,-9.279919576002763,-14.528660575204968,19.44495195733727
9.32,-9.810078315487667,-15.15493390911458,20.331381164604167
9.33,-10.346748183405017,-15.723411950269151,21.33223320705099
9.34,-10.8827986496293,-16.212893109312144,22.444120169731132
9.35,-11.409683204468049,-16.600722584782066,23.659014574796686
9.36,-11.917483131167558,-16.863838673052626,24.9634436805528
9.370000000000001,-12.395065321302798,-16.980190729239602,26.337934230959306
9.38,-12.830375888661091,-16.930476638762247,27.75686486565952
9.39,-13.210881907468044,-16.700073099870256,29.188887202006423
9.4,-13.52415601163411,-16.280949414987926,30.598028192530606
9.41,-13.758575701219918,-15.67329068026158,31.94550136608887
9.42,-13.90408444361523,-14.88653127579361,33.19213011572089
9.43,-13.952939260019384,-13.93953845570893,34.30114866476676
9.44,-13.90035680307393,-12.859798985727556,35.24102835089939
9.450000000000001,-13.74497245192708,-11.681620260436883,35.9879289893706
9.46,-13.489044185157436,-10.443552025937077,36.52739608526274
9.47,-13.138367834465278,-9.185380034746062,36.85505688276193
9.48,-12.701911055533467,-7.945123903054509,36.976244770515315
9.49,-12.191213579329867,-6.756449354776659,36.9046770288536
9.5,-11.619631054342598,-5.646797099862256,36.66046225783912
9.51,-11.001513989654482,-4.636371328607825,36.26779130231288
9.52,-10.35140997023909,-3.7379695494238514,35.75265633320838
9.53,-9.683360692711135,-2.957507051602323,35.14086926862852
9.540000000000001,-9.010340930369644,-2.295021265466747,34.45654296218198
9.55,-8.343860250846712,-1.7459269948508482,33.721088345997245
9.56,-7.693726083300853,-1.3023244648439416,32.95269519287856
9.57,-7.067950240110228,-0.9542143839027315,32.16620905894337
9.58,-6.472771689462611,-0.6905325706896717,31.373294808054215
9.59,-5.912765157012051,-0.49996717902647325,30.582779255635664
9.6,-5.391006680788989,-0.37155699102185763,29.801082503102464
9.61,-4.909270433999006,-0.29509562081510654,29.03266923635035
9.620000000000001,-4.468237356199815,-0.26137361559807964,28.28047562988377
9.63,-4.067700580598539,-0.26229610676658044,27.546285677945697
9.64,-3.7067578853759553,-0.2909096979163665,26.83104612046563
9.65,-3.3839851916332258,-0.34136748461928157,26.13511891207276
9.66,-3.0975881794589393,-0.4088551976177006,25.45847619950384
9.67,-2.8455312802823527,-0.48949572380449696,24.800845833971223
9.68,-2.6256447964324163,-0.5802443367169656,24.161816426795824
9.69,-2.43571174527654,-0.678783214468312,23.540910627036038
9.700000000000001,-2.273536605714251,-0.7834206782502919,22.93763439872897
9.71,-2.136998303642254,-0.8929984214554006,22.35150881186801
9.72,-2.0240897886789018,-1.006808507245237,21.78208955657218
9.73,-1.9329464458857448,-1.1245207971518438,21.22897823855819
9.74,-1.8618654068065792,-1.246120766841191,20.691828487966315
9.75,-1.8093175861122375,-1.371857274523374,20.170349121612386
9.76,-1.7739540575380826,-1.5021995138923625,19.66430592920659
9.77,-1.754608136265334,-1.6378023030265125,19.173523204457044
9.78,-1.7502943236389357,-1.77947878098731,18.697885789907378
9.790000000000001,-1.760205077711522,-1.9281795831877988,18.23734217525571
9.8,-1.7837061837206938,-2.084977598888806,17.79190903927929
9.81,-1.820331350922959,-2.251057451012123,17.361677540752204
9.82,-1.8697765190238995,-2.4277088869860246,16.946821628643658
9.83,-1.9318942341102,-2.6163233094320244,16.54760863539363
9.84,-2.0066883440844223,-2.8183927001860694,16.164412426193685
9.85,-2.0943091984257656,-3.0355101992232605,15.797729487669795
9.86,-2.1950494001186236,-3.2693715587480403,15.448198272324825
9.870000000000001,-2.3093401046595172,-3.5217767007188856,15.116622262647827
9.88,-2.4377477981991866,-3.7946303938883945,14.803997280212284
9.89,-2.580971351767554,-4.089941041037073,14.51154353142259
9.9,-2.7398391116350704,-4.40981631755706,14.240743026750907
9.91,-2.9153056207477475,-4.756454003358043,13.993382923282102
9.92,-3.108447482947979,-5.132126233072272,13.771605336999949
9.93,-3.3204577176131886,-5.539154733165637,13.577964089288757
9.94,-3.5526377099822084,-5.979873960883316,13.415488439869375
9.950000000000001,-3.8063857311659293,-6.456578797312619,13.287753715645016
9.96,-4.083180654401063,-6.971452220775603,13.19895802533581
9.97,-4.384559050252845,-7.526467405742185,13.154002485609961
9.98,-4.712083858715874,-8.12325898582129,13.15857312317167
9.99,-5.067301835631681,-8.762955297041273,13.219217281380544
